PATIENT_ID,SAMPLE_ID,site,ICD_O_3_SITE,time,event,age,male,advanced,AJCC_PATHOLOGIC_TUMOR_STAGE,EGFR,CASP3,ERBB2,MMP9,PIK3CA,PIK3CG,PIK3CD,PIK3CB,MDM2,VDR,MMP2,MMP7,BRAF,EDNRB
TCGA-4P-AA8J,TCGA-4P-AA8J-01,Oral Tongue,C02.9,3.353387908,0,66.0,1,1.0,STAGE IVA,9.499540975939862,9.477262444527083,11.742591546759247,14.606717500625695,8.277756984292857,4.535094931239894,8.800654038561326,8.798659719940122,9.595746068520036,10.377459997434809,14.656072861744033,12.213441457286343,6.5267449165183065,6.341823897360485
TCGA-BA-4074,TCGA-BA-4074-01,Oral Tongue,C02.9,15.18887464,1,69.0,1,1.0,STAGE IVA,10.309362661808983,11.823510547005368,9.210819866768949,11.060966074004773,8.053963882405174,5.172715518835908,7.8131847539946175,8.716582850228042,11.431231187744961,8.466072381659014,11.8585172422097,9.807123041720864,7.122589898132313,6.063940775224081
TCGA-BA-5149,TCGA-BA-5149-01,Floor of mouth,C04.9,26.49833974,1,47.0,1,1.0,STAGE IVA,12.759738414717361,9.710975139961358,10.897777402747597,11.381916013732255,9.312517698513926,5.081262922581057,11.014550570317551,9.149942682865825,9.46840410933844,10.913988897244185,10.899591058615584,5.690702030394919,7.371672113212279,6.131974223033601
TCGA-BA-5151,TCGA-BA-5151-01,Buccal Mucosa,C06.0,23.73672617,0,72.0,1,1.0,STAGE IVA,11.910327926299,10.079111394835907,12.039128110060993,10.136670762341845,9.940638075263575,7.29066399756695,9.683628036941798,10.727461032763348,11.290790689690708,11.505548590350429,12.900206427698745,3.40686315797654,7.816446111236129,7.619097496610161
TCGA-BA-5152,TCGA-BA-5152-01,Alveolar Ridge,C14.8,42.34474143,0,56.0,1,1.0,STAGE IVA,10.046960270125735,10.178976011374525,11.503159877969813,10.802168977910231,8.316055208890491,6.018872259701965,8.816759684251101,9.4379330479491,10.686412982352287,10.837422945543178,12.650410051653202,7.004310368563351,6.8689459886423645,6.4417888779072365
TCGA-BA-5556,TCGA-BA-5556-01,Floor of mouth,C04.9,23.83535523,0,58.0,0,0.0,STAGE II,12.186498081575804,10.018812185742817,12.155045885024089,11.998029742822066,9.124167849628288,7.668381548291212,10.418643249375899,9.495151491587075,11.203109369561295,11.253026061133763,11.951226423080627,7.7108202063786315,7.104755986962257,7.255708436068689
TCGA-BA-5557,TCGA-BA-5557-01,Oral Tongue,C14.8,20.48196732,0,41.0,0,1.0,STAGE III,11.969159845711246,8.90389991695963,11.250707005189689,15.297507412936966,9.614693282469933,7.801132782564687,10.758956037602715,9.687599638116067,10.06582000582393,10.223265663765654,13.77741971551583,12.665282614659597,8.490285317670708,6.665975393930754
TCGA-BA-5558,TCGA-BA-5558-01,Hard Palate,C14.8,65.58832232,0,65.0,1,,,12.648694620918075,8.70550798194632,11.43854757157074,11.742128350911289,9.714262692504855,6.860044065668468,10.102684373395169,9.728126296127856,10.609769734121729,10.358035754160035,11.96921381933008,4.954573223399778,7.632893441763268,7.0618085930696965
TCGA-BA-6872,TCGA-BA-6872-01,Floor of mouth,C04.9,12.62451918,1,47.0,1,,,13.249506080245617,9.21669736342931,11.368239068889215,13.548063282904886,8.30428742865311,4.451837517668948,10.85131179484781,9.325671985753253,9.729053069876503,10.213991198298867,13.273250698317481,8.553410425372807,6.606402251422051,5.376446676095902
TCGA-BA-6873,TCGA-BA-6873-01,Oral Tongue,C02.9,4.010914949,0,28.0,1,1.0,STAGE IVA,11.854291813241137,9.73431163888832,10.989316437499447,14.753274213436626,10.011576703176177,5.450538246858835,10.766586880254357,9.24977952293694,9.963544927582989,10.234913208521654,12.992625057524497,6.44454946544265,6.806955549407343,6.073102562480321
TCGA-BA-7269,TCGA-BA-7269-01,Oral Tongue,C02.9,41.85159615,0,61.0,1,1.0,STAGE III,11.435050341811296,10.10320911380901,11.189589854808732,13.416269744523207,7.742140985498147,3.5210884374982805,8.624875857143312,10.20979450317462,10.34491724273246,9.05122797729301,13.375188799042158,10.24225712851583,8.580386717605263,5.567210775616564
TCGA-BA-A6D8,TCGA-BA-A6D8-01,Floor of mouth,C04.9,27.94489923,0,59.0,1,1.0,STAGE IVA,7.422468496043936,9.825219579115718,11.86195148826105,16.621107488089056,7.764460281109702,2.5346841782910006,9.62111046513482,9.19458943299696,10.013853029839568,7.655959979574239,12.572074891554644,6.66796306639716,6.638509766501249,4.895646771639265
TCGA-BA-A6DB,TCGA-BA-A6DB-01,Oral Tongue,C02.9,7.101292041,0,24.0,0,0.0,STAGE I,9.370859561049322,9.567963678531353,11.807093248836916,12.111272628452701,8.523122808127363,5.957636059189918,10.376071110789331,9.272041857354356,10.286950435396898,10.586633405899692,13.865626959020489,10.073378425964044,6.711990403816438,6.432565283967868
TCGA-BA-A6DD,TCGA-BA-A6DD-01,Floor of mouth,C04.9,5.687608903,1,44.0,1,1.0,STAGE IVA,9.152781713198431,10.225255646498598,11.762568904203937,11.469285677894481,8.74422165519192,5.39699515503196,8.887385137306195,9.653232029310823,10.009044787382495,10.438064085093638,12.938822408978165,9.977007961302506,6.774747533168182,6.423642035378511
TCGA-BA-A6DE,TCGA-BA-A6DE-01,Oral Tongue,C02.9,14.4655949,0,70.0,0,0.0,STAGE II,11.897486249789873,10.392650148888961,12.021458906345785,9.0843061468702,9.172450011512217,4.1778061982083265,9.724437111981024,10.023976076132433,10.40027107121596,10.43149760425805,10.799937243001457,3.3082297998814862,6.548703252024589,5.648419423312773
TCGA-BA-A6DG,TCGA-BA-A6DG-01,Oral Tongue,C02.9,2.268468291,1,49.0,1,,,11.235529623390818,9.925397181252276,11.18182933206688,13.669959073118527,8.95616993949666,5.45445229550083,10.91128711523344,8.899927845256359,10.383304688360802,10.517787475664338,14.636069456760762,12.057311492759865,6.756502950159611,6.648616434905661
TCGA-BA-A6DJ,TCGA-BA-A6DJ-01,Alveolar Ridge,C03.9,13.38067528,1,62.0,1,1.0,STAGE IVA,10.303152856598624,9.99274011125729,11.323961087234338,11.97997172959107,8.345525004287047,4.445031404683476,10.282764115458667,9.07107347970123,10.731955373771934,11.49233892222458,12.437505014348705,5.027030164127644,6.832877358889579,4.125320473714413
TCGA-BB-4224,TCGA-BB-4224-01,Oral Tongue,C02.9,9.139625867,0,52.0,1,1.0,STAGE IVA,10.714923768376993,10.153982622680086,11.346934734800902,9.858947649997551,9.255427557951245,3.968892538588855,8.270683108160055,9.930449065390297,11.43382534879387,9.506849048051901,9.404273031344985,6.374992499540073,6.7936358203506275,6.3346183286503805
TCGA-BB-7863,TCGA-BB-7863-01,Oral Tongue,C02.9,33.69826084,0,43.0,0,1.0,STAGE III,12.591608830881443,9.91147588044296,11.780769399344525,10.198616926791928,9.55028504908841,4.462458101527195,9.174296550274509,9.967370377016113,10.81543933726272,11.283875483864817,10.158811626142636,4.91365059099202,6.857296796470683,6.222298385470081
TCGA-BB-7872,TCGA-BB-7872-01,Oral Tongue,C06.9,38.39957918,0,63.0,1,0.0,STAGE I,10.807201949629922,10.088563007034498,10.798390794052501,11.852701155714783,10.043956872790206,4.719380606285011,10.132821006779572,10.651204206846433,12.870118083965933,10.755430080548686,13.827858710884867,8.24214516084958,6.121485858404274,6.0297576483218265
TCGA-BB-8601,TCGA-BB-8601-01,Floor of mouth,C04.9,20.51484367,0,84.0,1,1.0,STAGE III,10.283655593477638,10.180791848749106,11.023151372031071,6.933808661990121,9.249326818288857,2.6229303509201767,7.057721022872672,9.510180643431632,10.811639604836854,7.436420059149882,9.801530536804513,7.222553427423428,7.709669734550229,4.778471434199833
TCGA-BB-A5HU,TCGA-BB-A5HU-01,Oral Cavity,C06.9,25.7093073,0,47.0,1,1.0,STAGE IVA,15.03788150785755,10.580041817149482,11.331140881692567,11.349999908943882,9.54534485240553,5.212230802724984,10.798585203329397,8.882945616803543,10.326339596780464,10.493094882478104,13.499385007911663,9.831369004397299,8.458271258098668,5.212230802724984
TCGA-BB-A5HZ,TCGA-BB-A5HZ-01,Oral Cavity,C06.9,27.18874314,0,65.0,1,1.0,STAGE IVA,10.552198367883735,8.785818612841476,12.877876506266828,8.222345726210031,8.331302142735348,3.0797535640745375,9.90288305873388,9.25304143018956,10.189416890530755,10.46903123881146,11.820821169848042,4.255833043469081,6.996964895854367,5.217568081257632
TCGA-BB-A6UO,TCGA-BB-A6UO-01,Oral Tongue,C02.9,8.810862347,1,61.0,0,1.0,STAGE IVA,10.363160123671436,9.83810875138645,11.675727735557837,13.043370822906024,7.886409919135572,4.0703378021484005,8.956997536728117,8.71198008269439,9.776164866939794,10.770812531571659,12.792015471263324,9.02706003080758,7.076302547599873,5.555337630926171
TCGA-C9-A47Z,TCGA-C9-A47Z-01,Oral Tongue,C02.9,6.27938324,1,72.0,0,1.0,STAGE III,12.683595581416219,9.539288725376414,11.733951667599609,10.194646063006413,9.378084560467048,4.528027392827314,10.987569575212355,9.77280446263839,10.48917561625975,10.80201545458561,12.154862401640976,6.315863259285359,6.433887509657977,5.343947843497726
TCGA-C9-A480,TCGA-C9-A480-01,Oral Tongue,C02.9,12.69027189,0,45.0,0,1.0,STAGE III,11.243191838499106,9.457343939039538,12.16812990886613,11.793318806150396,9.557151578531318,5.083443159777009,10.483704951461187,9.654075667175576,10.255016763755359,10.766114757586722,10.394066059732202,5.625299717098094,6.696341643244161,5.165899882937899
TCGA-CN-4725,TCGA-CN-4725-01,Oral Tongue,C02.9,38.03793931,0,60.0,1,0.0,STAGE II,11.831105315711019,9.124382421172388,10.826508764964315,9.093103240520106,9.494813592756238,4.76580522632644,10.964405852591911,10.26146029597036,11.27281054788866,11.40880206910137,12.595406685890143,4.207119772204656,7.470195185078595,7.023299714934365
TCGA-CN-4726,TCGA-CN-4726-01,Buccal Mucosa,C06.0,4.66844199,1,68.0,1,1.0,STAGE IVA,11.591012685074805,10.26666943407193,11.227188726921993,10.142668705323297,9.744726219869682,5.9240713735993,9.889327513375573,10.548850800593495,9.942149386920192,9.512505425575625,12.388652362016964,6.254994568094667,7.793778860360928,5.964819087420794
TCGA-CN-4728,TCGA-CN-4728-01,Oral Cavity,C14.8,56.67883092,0,56.0,1,1.0,STAGE IVA,11.42012339323649,9.508664354813769,11.168935313895803,15.44664394344124,9.750345220466194,8.233840138226135,9.524904057286099,10.014634252515593,12.675010946251167,10.64153699776518,14.827342704234116,11.92373601782464,8.008585489119303,7.159931868167567
TCGA-CN-4729,TCGA-CN-4729-01,Oral Cavity,C14.8,12.88753,0,73.0,1,1.0,STAGE III,11.928063066142926,8.8536495234727,12.110760599038436,10.070791809423062,9.429944382620459,6.579042836906768,10.409157540120606,10.349248050320782,10.286754111862207,10.552582648483696,13.042673403853417,6.969403790406498,7.578395336494382,8.048274336688564
TCGA-CN-4730,TCGA-CN-4730-01,Floor of mouth,C14.8,26.85997962,0,62.0,1,1.0,STAGE IVA,12.312800723860313,9.871110535745617,11.177182806946202,9.781241670010377,9.292068506204163,3.5719558577168926,8.87972414288537,10.52385595362096,10.376613803784329,10.514802802299835,10.012401064436252,5.450600928910126,6.735684633807141,5.825747473882693
TCGA-CN-4731,TCGA-CN-4731-01,Buccal Mucosa,C14.8,32.81059934,1,63.0,0,1.0,STAGE IVA,13.662879735772812,10.063408564356727,11.740244559886152,11.926525799428543,9.8939688694671,4.509018034053948,7.763570920792083,10.630749459764996,10.424019281833829,9.74540710238737,11.886668263755123,10.951058820786574,7.161847383069893,3.8967852754841195
TCGA-CN-4733,TCGA-CN-4733-01,Oral Tongue,C02.9,52.14189434,0,61.0,1,1.0,STAGE III,11.59724715851448,9.760176027909651,10.872351680381707,11.882570454299776,9.125493546231041,9.47295478463249,10.628199449875545,9.397845735630698,10.375484772970742,11.057896983576464,14.180981384931199,9.935565824423174,7.299601843275586,8.35282030710462
TCGA-CN-4734,TCGA-CN-4734-01,Buccal Mucosa,C06.0,55.56103495,0,70.0,1,0.0,STAGE II,11.564235248700776,9.645157634860329,11.593489166695974,11.536412363243466,9.490387616053823,7.657182660128423,10.509220776331963,9.200398416745335,11.641302163537759,11.389351699256789,12.671483570055655,4.142486959530159,7.404800963951169,5.998671658381685
TCGA-CN-4736,TCGA-CN-4736-01,Oral Tongue,C02.9,12.98615906,1,70.0,0,,,11.11853882648813,9.493723379572218,11.464734625855495,13.562457095010977,9.647586140686984,7.225756930395542,10.0463328038285,9.976692993643226,11.036915379279415,10.774301138694302,12.89776227936544,11.130531953144075,6.593232744468331,7.499710378975293
TCGA-CN-4737,TCGA-CN-4737-01,Oral Tongue,C02.9,20.54772003,0,19.0,1,1.0,STAGE IVA,12.452866684593847,8.67741310243836,12.131310381689245,12.652883056064077,9.608694679862987,6.683191141878241,10.346757485928267,9.75330534766022,10.413342323291705,11.718755470593901,13.975140415506546,9.579142426566381,7.146288637175074,7.2570766396117055
TCGA-CN-4740,TCGA-CN-4740-01,Oral Cavity,C06.9,27.58325936,1,79.0,0,1.0,STAGE IVA,11.45320374574276,9.554040062763429,11.487302439350678,13.608970908586546,9.507237668267265,8.266735014951905,8.992867544682158,10.144441567412427,10.600925719533137,10.627561242526431,14.67102683252997,10.32364027884028,7.756202693813286,8.261370966609194
TCGA-CN-4741,TCGA-CN-4741-01,Alveolar Ridge,C03.9,73.61015222,0,75.0,1,1.0,STAGE IVA,11.819744013672503,9.941936725180298,12.289376289735007,9.726524720746378,11.086083134996542,5.769430592502551,8.70659961901207,10.88246728661156,11.018193222696933,10.459667266904763,11.507279299939283,7.695882489753165,7.731047439337348,6.025031009930609
TCGA-CN-4742,TCGA-CN-4742-01,Oral Tongue,C02.9,13.05191176,1,48.0,0,1.0,STAGE IVA,12.261892172425958,9.512096488047819,12.167775639002155,14.916061384392066,9.707643846427278,7.469063809518516,10.214525552291247,9.388589943139804,10.48172880850163,10.942279901705763,14.299472774432298,8.664699711872665,7.460373980851922,7.143393418693187
TCGA-CN-5358,TCGA-CN-5358-01,Floor of mouth,C04.9,8.580727882,1,60.0,1,0.0,STAGE II,11.962147720448371,9.751294662172976,11.232738692831465,13.33371442609397,9.455020974753003,9.061214560268995,10.631722738761946,9.641820554306575,10.91338312035212,11.07577995814826,15.020216038650508,8.848622940429339,7.556383429961884,8.602364826211518
TCGA-CN-5359,TCGA-CN-5359-01,Floor of mouth,C04.9,12.39438472,1,59.0,1,1.0,STAGE IVA,12.406104002598976,9.333844100719098,11.191447912325263,11.973797799062941,10.030874008848336,8.406324073345802,10.834392039329973,9.677369054097651,10.359529955322913,10.409984864765859,14.265871392141012,9.151983087183696,7.871295389212344,6.993346027497501
TCGA-CN-5364,TCGA-CN-5364-01,Floor of mouth,C04.9,16.20804156,1,55.0,1,1.0,STAGE IVA,12.019764452849738,10.38824336162961,12.193500719897266,13.10552880201787,9.856904791053003,5.948456010086345,8.233725119055544,9.85105875594709,10.242221395098369,10.85933288812753,12.23202512112913,9.751634433905934,7.142198978305933,5.636711614606622
TCGA-CN-5367,TCGA-CN-5367-01,Oral Tongue,C02.9,11.57247592,1,60.0,0,1.0,STAGE IVA,11.633299511921146,9.260425617081346,11.352600748121999,12.188251930278765,9.525941615335666,6.066437979033724,9.807269581545647,10.110000373123869,10.618981913172338,10.731361462608158,11.65524895420466,11.879204147767211,7.565269668841844,6.4698127329025885
TCGA-CN-5369,TCGA-CN-5369-01,Hard Palate,C05.0,12.49301378,1,90.0,0,1.0,STAGE IVA,11.356407951394893,10.407607681791427,11.6262794165506,11.935496580848193,9.321729710680014,7.208107522431237,9.960578315535551,9.713376203798044,11.217303430872073,10.561326136453918,12.982392920734336,9.213028862077762,7.677832375310345,6.944577373941035
TCGA-CN-5370,TCGA-CN-5370-01,Oral Tongue,C02.9,8.514975178,1,78.0,1,1.0,STAGE III,12.130982334913082,9.7975885787547,11.297959432536476,11.818378460310328,9.111993727254715,7.829075755338349,10.318644483922297,9.691167721860067,10.713455253980348,10.490870927956633,13.614893849605016,9.964762494816835,7.171997386393516,8.180351780221597
TCGA-CN-5373,TCGA-CN-5373-01,Floor of mouth,C04.9,52.07614163,0,55.0,0,0.0,STAGE I,12.124622160659383,9.803679099613102,11.982801107478553,10.15650027219533,9.518220380599589,7.742295960760907,9.540658899183526,10.245124825500277,10.513461136558343,11.172121184719117,14.057103298589679,10.478051631819287,7.84803447624912,6.909929075712952
TCGA-CN-6011,TCGA-CN-6011-01,Alveolar Ridge,C03.9,30.67363645,0,57.0,1,1.0,STAGE IVA,12.789152543830287,9.652185304476133,10.65738097989975,10.326013697332634,9.519026811517966,4.819760137048732,11.382694268443693,9.526818063961514,10.636959881312674,9.855000805993061,10.863922968122482,4.078182837611268,7.807625402021067,6.168764367446106
TCGA-CN-6013,TCGA-CN-6013-01,Alveolar Ridge,C03.9,23.90110793,1,56.0,1,1.0,STAGE IVA,11.786792366923496,9.951007807527763,12.054302453146164,12.196417705485244,9.961620434560036,7.473730098697329,9.6647796972322,10.510180643431632,10.356330915215946,11.065752701816972,11.388587790716562,7.341843462595048,7.611504386012664,5.426892022905166
TCGA-CN-6016,TCGA-CN-6016-01,Floor of mouth,C02.9,47.44057599,0,64.0,1,1.0,STAGE IVA,11.104539786621949,9.559598879474747,12.138345405184399,12.750926764868604,9.514461585069826,6.892014515960326,10.143600048407581,9.195315605889968,10.123022066288474,11.267278284734505,15.316723466208519,9.713975845890749,6.7188958587091285,7.16553011674561
TCGA-CN-6017,TCGA-CN-6017-01,Oral Tongue,C02.9,28.04352829,1,55.0,1,1.0,STAGE IVA,10.812674700810147,9.746265732940435,10.882673614610958,11.532750396331936,9.099292573984151,8.979096460645659,10.474192653114043,9.272125861684994,10.347698871208422,10.602856578684547,13.690128960785112,9.518975685380623,7.081275707009417,9.124860568239681
TCGA-CN-6018,TCGA-CN-6018-01,Oral Cavity,C14.8,19.06828418,1,85.0,0,1.0,STAGE IVA,13.488605885503802,9.548608088676602,11.04347164727502,13.010223870056913,9.66426949231891,7.236090750799549,10.561450251161652,8.977966757619477,10.528444342992787,10.676521302056555,13.946138679311453,10.178714641175443,6.848372559477497,7.142760590549502
TCGA-CN-6019,TCGA-CN-6019-01,Oral Tongue,C02.9,34.12565342,0,61.0,1,1.0,STAGE IVA,11.013231935034845,8.750241363536146,11.943525796724856,15.30084586395538,9.565599079747395,7.089890042189925,9.514193288265588,9.822527812345134,10.497722128246755,10.000084530436098,15.555350046568627,13.485175219181865,8.01666902468718,7.42723740712792
TCGA-CN-6020,TCGA-CN-6020-01,Oral Cavity,C04.9,6.739652168,1,58.0,1,1.0,STAGE III,12.310808724962541,9.593118432328305,11.395507359136596,12.001404675620124,9.775057127913724,6.246054591258404,9.854338570746691,9.46574596529469,11.177108041703693,10.953498063196886,13.96021918905831,11.426369597915755,7.4063155688197595,7.132268365770456
TCGA-CN-6024,TCGA-CN-6024-01,Oral Tongue,C02.9,11.07933064,1,66.0,1,1.0,STAGE IVA,11.436659495922779,9.724362072253513,11.070536917490736,11.06323327464039,9.243757133396985,4.129184085893059,8.052106097084543,9.377846043999186,10.944294782959624,9.591834600620707,12.497158258741466,9.155344470157855,8.091678680095491,4.972348020079572
TCGA-CN-6994,TCGA-CN-6994-01,Oral Cavity,C14.8,38.89272446,0,67.0,1,1.0,STAGE IVA,12.650401075650011,9.781707230017158,12.336816153715304,13.155183482249058,9.901495963485626,6.051345997232006,9.204341272828717,10.101266620192666,9.150084894116132,11.275222438979846,13.853796870064917,11.378836713210614,7.891127507421783,6.680985346848334
TCGA-CN-6995,TCGA-CN-6995-01,Floor of mouth,C04.9,3.682151429,1,78.0,1,1.0,STAGE IVA,11.969264192885914,9.714595843923872,11.60423352134575,11.950369989549209,9.71743995248141,6.045796786075416,9.520671712619146,9.511689410954776,11.087389909050982,11.310232178043302,11.941425475439774,8.659043292276621,5.981014642419665,5.592280614030766
TCGA-CN-6996,TCGA-CN-6996-01,Oral Tongue,C02.9,17.42446658,1,58.0,0,1.0,STAGE IVA,12.00310675922655,9.422647194548066,11.214519481198407,12.706858588845447,9.237437044835673,7.960274222302227,10.725451470679747,9.836443333331163,10.307314671659388,11.522336320913306,12.731176876127995,6.494212377061413,7.014321814207415,7.488924661273417
TCGA-CN-6998,TCGA-CN-6998-01,Oral Tongue,C02.9,11.73685768,1,53.0,1,1.0,STAGE IVA,11.815555416197123,9.59662212707072,11.738362528456216,11.161906572289551,9.788951559050675,5.04228099163217,10.18272953620411,9.940501539066796,10.240600549955795,11.130950169449083,10.789003744402674,5.972079148455358,7.6061460780657235,4.334210703839659
TCGA-CN-A49A,TCGA-CN-A49A-01,Alveolar Ridge,C05.9,17.29296117,1,60.0,1,1.0,STAGE IVB,11.421554685417197,9.938425478562415,11.510329019490573,10.493094882478104,10.165849146176397,3.358396261956654,8.85592431125354,9.601991724784138,10.597186623348039,10.31743522636259,13.347081502541286,9.681389526608124,7.660488001112484,5.195182214411614
TCGA-CN-A63V,TCGA-CN-A63V-01,Buccal Mucosa,C06.0,22.32304304,0,59.0,1,1.0,STAGE IVA,11.523439439387507,9.802120498625275,11.604687577852829,12.070664369086112,8.496122759848287,4.993081041237359,9.066231837952307,8.810960371004978,10.697454136463017,10.519822965595557,14.649879249480009,10.447496546665391,7.913158693974689,5.57139770824079
TCGA-CN-A642,TCGA-CN-A642-01,Floor of mouth,C02.9,2.695860867,1,57.0,1,1.0,STAGE IVB,10.23640890519923,10.12865169975387,11.622376755411674,7.726524720746378,8.287943192291465,5.162814255882082,9.80839631362213,8.540883584246844,10.829841633623897,10.927311306599712,11.276357079259242,4.324565814034618,6.337366787764314,5.9282637159983995
TCGA-CQ-5323,TCGA-CQ-5323-01,Alveolar Ridge,C14.8,48.19673209,0,82.0,1,0.0,STAGE I,11.689993604902423,10.009898581483487,11.607848111344639,9.733317052431177,10.213019138234374,6.3565100730167625,9.24449941591744,9.906438179671577,10.746136382949752,10.258224457487982,11.6347566078222,5.3423805136019,7.604797827155313,6.212306688419358
TCGA-CQ-5324,TCGA-CQ-5324-01,Floor of mouth,C14.8,52.3720288,0,59.0,1,1.0,STAGE III,11.324473107210816,10.254733389246674,12.59718895167064,10.455573813765701,8.927496505411888,5.876322937081125,9.50499571439741,9.393733660048332,11.316490848782461,10.440952198029636,12.316977252164504,9.607280373441531,7.122703775357851,5.596699641951798
TCGA-CQ-5325,TCGA-CQ-5325-01,Oral Tongue,C02.9,21.50113423,1,65.0,1,0.0,STAGE I,11.173758324648928,10.295906655297028,11.129418263265478,11.5432251980507,9.315081615834902,8.383570383426477,10.014187891359265,9.891722956885078,10.812337774347368,10.586511438984218,13.614318754508911,9.125986818131844,7.163337708225467,7.747736483170591
TCGA-CQ-5326,TCGA-CQ-5326-01,Alveolar Ridge,C14.8,2.925995332,1,67.0,1,1.0,STAGE IVA,13.163295876769702,8.967615344886728,11.073927317726005,14.596457673658819,9.19551985307124,6.075915502085044,10.715327133391574,10.063839956020225,10.716013452894016,10.7876903827544,12.111282410685059,8.291272018320754,6.9624102065872515,6.16715115982053
TCGA-CQ-5327,TCGA-CQ-5327-01,Oral Tongue,C02.9,54.57474439,0,61.0,0,1.0,STAGE IVA,11.013371530195107,9.737377492421379,11.859538668764515,10.350209917071286,8.87817969166031,6.52846505059092,9.817170745620528,9.291714054338273,11.706124720215561,10.446762821390697,11.37519694592624,9.502350494016229,6.948974554279771,6.4981040371096
TCGA-CQ-5329,TCGA-CQ-5329-01,Oral Tongue,C02.9,70.45402242,0,46.0,0,0.0,STAGE II,13.026251960696406,9.178572734663618,10.524404588827627,12.178583938316788,9.614726405570362,6.9396144732331,9.773003999248896,8.839994218807135,10.22637606474776,10.550150348160823,13.29657212092761,10.696106867102294,6.9396144732331,6.989615890064489
TCGA-CQ-5330,TCGA-CQ-5330-01,Oral Tongue,C02.9,62.36643982,0,69.0,0,1.0,STAGE IVA,12.540440475635176,9.036467617583275,10.936755705219598,11.183995080018134,8.689292170717405,7.619772465697201,9.954087231537505,8.739935838783033,9.944982861179797,10.850304061624351,13.950601458955674,10.23912113181231,6.687886529250508,7.708518344550079
TCGA-CQ-5331,TCGA-CQ-5331-01,Hard Palate,C14.8,45.9940165,0,73.0,0,,,11.546190299179472,9.88812677596976,11.855869042157927,10.136132414593915,8.810144225243212,7.2495685944664645,10.37403962758151,8.998065717958898,10.846767524818882,10.965892482732777,12.287429583606528,3.685693512828505,6.6944762930597586,7.008092420948722
TCGA-CQ-5332,TCGA-CQ-5332-01,Floor of mouth,C14.8,10.4218036,1,87.0,1,1.0,STAGE III,11.631840942891627,10.386142717734577,11.743504870011138,12.271518470216426,10.079298101411126,6.172649521578775,9.45768662414208,9.610009757101114,10.418327007585749,8.700599238100201,13.400372483210566,9.10764864237155,8.290848273341998,7.705832795746236
TCGA-CQ-5333,TCGA-CQ-5333-01,Oral Tongue,C02.9,11.21083605,1,74.0,1,0.0,STAGE II,9.391941672017191,9.803813076841346,11.64652270982913,11.866842312517477,8.461958219805704,5.531431369103097,9.818542235204776,9.0380245703024,9.957232661960527,10.8643951035879,10.213505250136032,10.822132618478042,6.352601410159105,5.473043297042931
TCGA-CQ-5334,TCGA-CQ-5334-01,Buccal Mucosa,C06.0,4.241049413,1,87.0,1,1.0,STAGE IVA,12.03493648653151,10.658336463294624,11.903087241111674,12.423664828401336,9.015484746115881,7.371794065455875,10.908249995587806,10.487789799834262,10.76816778001416,10.648618232332842,13.623241369235599,4.700478559407793,6.998770931615666,7.183327706044801
TCGA-CQ-6218,TCGA-CQ-6218-01,Floor of mouth,C02.9,41.19406911,0,52.0,0,1.0,STAGE IVA,11.36239317559251,9.849733481955768,11.728290437979965,11.166746822840691,8.794679036710999,5.763464691866265,9.508715847665826,9.407165773361415,10.330356716957944,11.081689807948823,12.93316319302311,11.339488170563252,7.36435356025707,6.354549131591216
TCGA-CQ-6219,TCGA-CQ-6219-01,Oral Tongue,C02.9,15.74777263,1,50.0,0,1.0,STAGE IVA,11.111807293215321,10.137938930620015,11.201523596635303,10.648609245174544,8.931275291551966,6.568419792173784,9.993377165849349,9.55433750923912,10.041481199149107,10.547231949330124,13.681128580020994,11.911347043372642,6.765574526008689,6.027494686943497
TCGA-CQ-6220,TCGA-CQ-6220-01,Buccal Mucosa,C14.8,32.38320676,1,69.0,1,1.0,STAGE III,11.899341816089663,8.620736683358725,12.369815424283912,10.765501595820325,9.390893346929179,5.208969786794807,9.695696351827824,10.587590019409253,10.536849427306134,11.01468306488965,11.357738927079124,5.250275675736291,6.997326283922579,6.04423235357289
TCGA-CQ-6222,TCGA-CQ-6222-01,Oral Tongue,C02.9,66.27872571,0,63.0,1,1.0,STAGE IVA,10.638698362866208,9.263478135378774,11.854650248729431,13.45337353298295,8.731217190133634,6.514657252450001,9.082534950585895,9.643554995746719,10.856744535946282,10.55771258570972,11.688416428088797,10.758131585688533,7.179073079675209,6.639512917267813
TCGA-CQ-6223,TCGA-CQ-6223-01,Alveolar Ridge,C14.8,46.94743071,0,69.0,1,0.0,STAGE II,11.792717100475004,9.358367688406323,12.318051283269007,10.922168109158434,10.27570549751475,5.613095478194464,9.27689906411208,10.239598529249124,11.127659071383215,10.995067535584932,11.747924416238442,8.731105156849113,8.222867337620771,6.1112963665550755
TCGA-CQ-6224,TCGA-CQ-6224-01,Oral Tongue,C02.9,56.58020186,0,52.0,1,1.0,STAGE IVA,11.019806143615174,10.009730661906088,10.736207416529833,13.52162497514504,9.480824526531688,6.8910181124324685,10.292931255475914,9.384677998937125,10.50406418028055,10.962867093323293,14.92806491728389,9.727932363553299,7.155425431747197,6.398989890883459
TCGA-CQ-6225,TCGA-CQ-6225-01,Oral Tongue,C14.8,13.24916987,1,65.0,1,1.0,STAGE III,11.554584055476045,9.477557934430266,16.429727101414617,10.683757851743266,9.434792918970606,2.9673530835946256,8.41655688246807,10.208466048997224,10.761900229351609,8.930166650641144,10.474365058703414,7.044787527998138,8.5315920006454,5.073357537177237
TCGA-CQ-6227,TCGA-CQ-6227-01,Oral Cavity,C14.8,4.241049413,1,77.0,1,1.0,STAGE IVA,11.605974838572722,9.755193040631871,11.47899707623539,11.59142884418625,10.013504133087455,4.7637674236868,10.528014495540111,9.306403519791482,10.167142125595051,10.68473985554056,13.9636276478053,7.593219296451374,7.437269359638267,8.918290814952224
TCGA-CQ-6228,TCGA-CQ-6228-01,Floor of mouth,C14.8,14.99161653,1,71.0,0,1.0,STAGE IVA,11.26522824454403,10.373767822010644,13.7688046164558,11.778635696008854,9.1577561883378,5.076242679944266,8.321211077640193,9.675443709042048,10.97264240001752,9.02145196592412,12.709958299831731,9.468106738412748,9.49494756211617,6.709649059000818
TCGA-CQ-6229,TCGA-CQ-6229-01,Oral Tongue,C02.9,38.76121906,0,61.0,1,0.0,STAGE II,13.735883871894059,9.391050214511962,11.641658915846827,9.457797415085237,9.449978111326448,5.247023647677825,10.412834440119273,9.795114299589466,10.528395503140759,10.218139386050348,12.641665688771502,9.07429134536039,7.092376599736596,6.917837486150285
TCGA-CQ-7063,TCGA-CQ-7063-01,Hard Palate,C06.9,70.1252589,0,59.0,0,0.0,STAGE I,11.353587949195417,9.664351279465563,11.741374286895875,12.186488796280367,8.793252143018757,6.629975825958944,10.083838294338758,8.958825279297836,10.45030398982412,11.463192269972918,11.676375847538795,10.35893685479757,6.646779012576057,5.4379501042511995
TCGA-CQ-7065,TCGA-CQ-7065-01,Oral Tongue,C02.9,53.52270112,0,40.0,1,0.0,STAGE II,10.566558322303123,9.653858983513512,11.961362869616629,7.353649695751055,9.936630578294809,1.7150586936534806,9.333808329572879,10.450355546133189,10.004262608693166,10.884552133987235,12.848689440566128,3.7364749944456244,6.847433243707034,5.813809403644205
TCGA-CQ-7067,TCGA-CQ-7067-01,Oral Tongue,C06.9,16.73406319,0,75.0,0,0.0,STAGE I,11.898363311743472,9.777713945323997,11.559878934907037,10.306278191395638,9.932800866190941,5.10105331156447,10.425404752834856,9.321177247269256,11.072614985394301,11.63658837146914,12.07912806604825,7.427279317063255,6.692022610924505,6.570836307558792
TCGA-CQ-7068,TCGA-CQ-7068-01,Floor of mouth,C14.8,43.03514482,0,80.0,0,0.0,STAGE II,11.625727104911427,10.06700404270676,11.573831772490907,10.852950786625811,8.3132730653458,5.858177486760308,10.14171121940843,8.727940869914613,11.165641910677738,11.508185977599458,11.722512986435936,10.990387651802743,6.277478971731958,4.362112151415428
TCGA-CQ-7069,TCGA-CQ-7069-01,Alveolar Ridge,C06.9,41.8844725,0,77.0,0,0.0,STAGE II,12.362053396853025,10.750489267702168,11.738316079603193,14.728196887917742,10.294505880063914,4.609246715000801,13.270898270351239,8.84970533794082,10.167305234845006,11.05604154893143,13.127636503708258,5.066532697173551,8.039100000507993,6.975446765640962
TCGA-CQ-7071,TCGA-CQ-7071-01,Oral Cavity,C06.9,43.10089752,0,76.0,0,1.0,STAGE III,11.209770138882003,9.600046694280353,11.754916723121262,10.596422730717526,8.89942339111108,5.5483472241564975,9.134834427104439,9.789628191377767,10.587205574529174,10.861637507085758,12.96721905254906,7.867056294203906,7.763092829016513,6.350138296681833
TCGA-CQ-7072,TCGA-CQ-7072-01,Floor of mouth,C02.9,77.55531446,0,51.0,1,0.0,STAGE II,14.23217356112243,9.25437200600423,11.75666472906107,15.873845392776703,9.837452907090878,5.577709786307303,8.803591927024494,9.647325303813226,10.193414474469092,10.550371635901065,15.253260273690397,10.942272569727459,7.529789719025347,6.467605550082998
TCGA-CQ-A4C6,TCGA-CQ-A4C6-01,Buccal Mucosa,C06.0,44.48170431,0,63.0,1,0.0,STAGE II,11.032080174825197,10.1360042069441,10.994834255073902,11.936372929860823,9.119021508514018,5.223893588647974,10.8649599151426,10.127504314522387,9.8227014721839,10.600145216358667,12.085884029979475,7.1083780889871235,6.402737523132374,5.963652137860711
TCGA-CQ-A4C9,TCGA-CQ-A4C9-01,Floor of mouth,C04.0,23.24358089,0,56.0,1,1.0,STAGE III,10.741188870014364,9.918263977082368,12.398818496408362,10.561058776196717,8.500857809849002,4.592421156323464,8.01947397374594,9.819984249281607,10.48757879797882,9.79599903753262,13.297761736159249,9.200552905168301,7.543101439247651,6.431342148365068
TCGA-CQ-A4CB,TCGA-CQ-A4CB-01,Floor of mouth,C04.9,29.35858237,0,59.0,1,1.0,STAGE III,11.877771085544671,10.264032018828665,10.584474005644887,10.935341875748286,9.156421899137476,5.7328172977780465,9.845414777935103,9.52992438280594,10.446432006277366,11.016655097647849,13.877773002353832,11.475100086629922,6.189615056444083,6.189615056444083
TCGA-CQ-A4CD,TCGA-CQ-A4CD-01,Oral Cavity,C41.1,33.59963179,0,69.0,1,1.0,STAGE IVA,11.098861131090647,9.878641055126067,11.456739424684265,13.372375374627017,8.13677071909505,4.634976542299306,9.924769459593099,8.608517274331854,10.7464723328953,10.824433739432681,11.08623576356955,7.897415910523229,6.551428345862554,6.731128922212233
TCGA-CQ-A4CE,TCGA-CQ-A4CE-01,Oral Tongue,C02.9,29.49008778,0,76.0,0,0.0,STAGE II,10.428559079207982,9.280963271255642,12.125858996839417,9.774200639710342,9.098055776662619,5.1601860722719595,9.10702609878487,9.705957173156586,10.742039905704964,10.343829731131532,11.735606792345205,7.707200357861374,7.1927760980073,5.610676442179773
TCGA-CQ-A4CG,TCGA-CQ-A4CG-01,Buccal Mucosa,C06.0,14.13683138,1,78.0,0,1.0,STAGE III,11.54713071078675,10.358420439134154,10.337410053318717,9.583374286589464,9.871572625009904,4.377817853083645,9.442257223369369,9.688797555083749,9.967226258835993,10.382191693625655,13.541520163291679,10.917036356462877,7.157458101976092,7.933914860071934
TCGA-CQ-A4CH,TCGA-CQ-A4CH-01,Oral Tongue,C02.1,12.46013742,1,58.0,1,0.0,STAGE II,14.949566849081878,9.639217689911822,11.443389087134927,14.393531234013357,9.472174991168192,4.857010580786266,10.258860431409756,9.488555176092897,10.211292116937564,10.72968871344968,12.558669432352271,9.41333174421571,7.693500896514508,6.225037726492703
TCGA-CQ-A4CI,TCGA-CQ-A4CI-01,Buccal Mucosa,C06.0,31.23253444,0,73.0,1,1.0,STAGE III,10.094051286619015,9.870301523224205,10.354822378470853,11.83474360353028,9.1615677756293,3.1906306618211087,8.50213564265757,9.274527249268367,10.752389009978165,9.026039235419772,12.999971822087307,8.225188152670379,7.2765338863945,5.587031884368939
TCGA-CR-6471,TCGA-CR-6471-01,Oral Cavity,C14.8,39.51737515,1,58.0,1,1.0,STAGE IVA,11.50310520416662,9.469259218320511,12.224888007944555,11.862048382232839,9.263672957615183,7.469006810298604,9.858515688158333,9.432216161119086,10.819891671525367,11.060803994684562,13.161314570788972,4.993647192096616,7.509775004326937,6.612868497291041
TCGA-CR-6484,TCGA-CR-6484-01,Oral Cavity,C14.8,11.63822862,0,67.0,0,1.0,STAGE IVA,12.494673111521017,9.394728486150438,11.11808454267866,13.265535936342092,9.253355868772013,8.363341940138048,9.396624045527078,9.964672981573985,11.094631954224724,11.367496658178384,13.607307193451517,9.102429805547033,7.2964115193946215,6.553366647679317
TCGA-CR-6488,TCGA-CR-6488-01,Oral Tongue,C02.9,12.46013742,0,68.0,0,0.0,STAGE II,11.178708417498294,9.476995237167433,11.946665074272694,13.163553765681483,9.743819559002512,7.5287900818611195,10.00778416774598,10.497702172026361,10.199807284490218,11.168603177973136,13.744665681424888,10.649031581106666,7.349259109904453,6.395590685429081
TCGA-CR-6491,TCGA-CR-6491-01,Floor of mouth,C04.9,22.78331196,0,60.0,1,1.0,STAGE IVA,13.258673495946738,9.69424469608516,12.220526459354573,10.026468112789912,9.369784895347582,5.336344094051799,10.358035754160035,9.24811258416001,10.329415156311082,11.050794157460496,11.647723735622726,5.915179068689658,7.213269506319482,5.590503217728664
TCGA-CR-6492,TCGA-CR-6492-01,Hard Palate,C05.0,15.74777263,0,78.0,1,1.0,STAGE III,11.28637871308283,10.182555747436284,12.156121008174967,9.623142582448708,9.625717974016842,5.953353716630235,9.320082970887325,9.974443271330381,10.81346857342336,10.924879293496808,12.231743193033942,10.847527202809669,7.266205598467935,6.401167946440308
TCGA-CR-6493,TCGA-CR-6493-01,Oral Tongue,C02.9,9.271131275,1,69.0,1,1.0,STAGE IVA,13.40230595313962,9.575221554234233,11.659179798882134,9.969990815630792,8.452714852703442,4.132971596879209,10.215241761932765,9.322135467394949,9.843991692951075,10.665957634514724,11.185860352410677,4.936722731647826,6.544473021638703,5.330769912873586
TCGA-CR-7365,TCGA-CR-7365-01,Oral Cavity,C14.8,39.15573528,0,60.0,1,1.0,STAGE IVA,12.731840852789551,9.625122514937676,11.965737396311319,14.004413608762086,9.57246717878821,5.447628784206326,10.236803510536559,10.304237225017136,10.527936327696143,11.673269319179965,14.134642900749952,6.050566995985888,7.236597850918954,6.510783153224626
TCGA-CR-7367,TCGA-CR-7367-01,Oral Cavity,C14.8,47.34194694,0,52.0,1,1.0,STAGE IVA,13.194407524830961,9.675770070125639,11.778598738732411,13.437817080548955,9.1020780605944,8.01235636539623,10.22043879143409,8.964392855866185,10.536305505219293,11.11974522889266,14.50279451822033,9.523763840829279,7.609828820406393,8.511764511486108
TCGA-CR-7368,TCGA-CR-7368-01,Oral Cavity,C14.8,40.93105829,0,54.0,1,1.0,STAGE IVA,12.124373373619209,10.072708763016909,11.720312671368045,10.43816807435673,10.031921707700029,7.36562255611334,9.181780891368332,10.649049550106279,11.060749964197846,10.09500134832624,11.186126623136914,7.856263663791247,7.275323720073175,7.161303232219279
TCGA-CR-7369,TCGA-CR-7369-01,Oral Cavity,C14.8,35.83522372,1,59.0,1,1.0,STAGE IVA,11.93060799178928,10.327406683113972,11.539439954117068,11.53194673025023,10.059195721709814,6.767654798237347,9.101629067451244,9.428064903012,11.33164476261307,10.40822357828595,13.161958518274071,6.930548119247855,7.098705885315416,7.674114568890851
TCGA-CR-7372,TCGA-CR-7372-01,Oral Tongue,C02.9,24.9531512,0,45.0,1,0.0,STAGE I,11.777789547762698,9.055675597677817,11.596944457278655,10.0348539737321,9.444333699920392,5.900342754947997,9.608951509633721,10.05724717581686,10.386724740799167,10.628245025313342,13.928166726379274,5.910735059997729,7.293600393567203,8.018100007502568
TCGA-CR-7373,TCGA-CR-7373-01,Oral Cavity,C14.8,29.22707696,0,66.0,1,1.0,STAGE IVA,12.306520293271014,9.50268066613918,11.073887161994573,12.137538745366882,8.79735674459743,6.765614304557581,10.034069866677974,9.29219277390189,10.711684179127115,11.288744979572016,11.685182415492307,4.856846292222708,6.760660076457949,7.455968275654317
TCGA-CR-7376,TCGA-CR-7376-01,Oral Cavity,C14.8,31.95581418,0,83.0,1,1.0,STAGE III,11.549024141252236,9.84789671592045,11.136452883881185,13.056632635192141,9.649540017360215,9.155642993508202,10.186720910739934,10.067797341800933,10.603570712999415,10.919541204235546,15.848483573581877,10.811334551186288,7.401596337324105,7.477677327565307
TCGA-CR-7377,TCGA-CR-7377-01,Oral Cavity,C14.8,9.172502219,1,58.0,1,1.0,STAGE IVA,11.779444412655902,9.776233969567278,11.64257071698182,11.609982064179865,9.615556075116109,7.88629406817653,10.278449458220482,9.702380501615524,10.385398679734944,11.096253945374192,14.870383986215451,8.076040608263252,7.445304597695935,8.318384635561676
TCGA-CR-7379,TCGA-CR-7379-01,Oral Cavity,C14.8,34.05990071,0,78.0,0,1.0,STAGE IVA,12.340133838569473,9.53368014198433,10.76593249347046,11.587444692534831,9.572840415910932,7.279415577715785,10.164730977527242,9.58340625606624,10.460025788258287,10.970393537914676,13.016205878530926,8.955513331744882,7.883437535457007,7.067821537290398
TCGA-CR-7380,TCGA-CR-7380-01,Oral Cavity,C14.8,19.92306934,1,58.0,1,1.0,STAGE IVB,14.172513455204994,9.137629036857138,11.712776312366325,11.623908917415116,9.308120561352828,7.10153452477082,9.317150281726526,9.715774993880615,10.317141234943323,11.17876442962612,12.42236704851442,7.492846610742156,7.419260775127002,6.585488387429207
TCGA-CR-7382,TCGA-CR-7382-01,Oral Tongue,C02.9,26.16957622,0,49.0,1,1.0,STAGE IVA,12.507252041242198,9.869866780566328,10.488071087645421,12.13681172499046,9.338310752608711,8.64110162097822,10.669956859324826,9.247080155881532,11.550698694747032,11.329773918543145,14.782614353488789,8.992714623221516,6.991408466764788,8.766330130950369
TCGA-CR-7386,TCGA-CR-7386-01,Oral Cavity,C14.8,47.01318342,0,69.0,1,1.0,STAGE IVA,11.984414898345015,9.454066880688604,11.453702760383779,11.927396501006053,9.800369304632891,7.155506388793367,9.862976684152938,9.888501257600424,10.148082488301618,10.774284663930787,15.350783829392128,10.112674072271199,7.613752637071057,8.164911953478919
TCGA-CR-7390,TCGA-CR-7390-01,Oral Tongue,C02.9,49.57753888,0,67.0,1,1.0,STAGE IVA,13.388959036232889,9.535294819819176,11.887624269855,11.167756825780465,9.93263110948931,5.3768078212566195,9.958932550953064,10.3784574344716,11.123423064639198,9.840523030199638,13.540067480937712,9.402960878383375,8.07851910838956,6.399121521693062
TCGA-CR-7391,TCGA-CR-7391-01,Oral Tongue,C02.9,30.01610941,0,36.0,0,0.0,STAGE I,11.656827045608376,9.453445557897014,12.391681273013177,13.076768842287272,9.356821675352135,7.975876621049772,9.765982204149468,9.788225660785383,10.480012612166414,10.679770368694887,13.904239463279898,9.428372736031658,7.967543299830762,8.74831698312452
TCGA-CR-7392,TCGA-CR-7392-01,Oral Tongue,C02.9,46.84880166,0,67.0,0,1.0,STAGE IVA,12.655579915266289,9.093554894496153,11.600512291280188,11.957921851545905,9.396668994665585,8.721140212627441,10.294264625751474,9.723628523932428,10.773460685793895,10.600749214098085,14.562403430308052,9.143283714349042,7.371323621416634,7.07804403634318
TCGA-CR-7393,TCGA-CR-7393-01,Oral Tongue,C02.9,32.64621758,0,26.0,1,1.0,STAGE III,11.703579190072665,9.391898722840974,12.551626561053878,10.233176255495362,9.362417285881621,9.079100725158906,10.540728632775565,10.006788901083858,11.026302110867295,10.505603171636752,14.015946382054164,7.037063686869743,7.6826645864935985,9.653248154403725
TCGA-CR-7394,TCGA-CR-7394-01,Oral Tongue,C02.9,44.25156985,0,70.0,1,1.0,STAGE IVA,11.365113997842089,9.739409342229193,11.750886997880746,11.195390663937655,9.493158945668558,9.2611711309071,10.26302266510372,10.224664968412618,10.92619961419523,10.764465257330118,13.060253464380796,4.435308552262582,7.795604625070815,7.861093111122011
TCGA-CR-7395,TCGA-CR-7395-01,Oral Cavity,C14.8,30.5750074,0,80.0,0,0.0,STAGE II,11.426956579152073,9.743686623898647,11.872293958495924,12.276918250831056,8.816407709856236,7.784602131013343,10.543002811350169,9.73637825265906,10.633658248392758,11.302176227673117,13.078621175083562,5.0657015486716785,6.882251756969725,6.85550390155448
TCGA-CR-7397,TCGA-CR-7397-01,Oral Tongue,C02.9,24.78876944,0,44.0,1,1.0,STAGE IVA,12.691235346332492,9.56731346733556,11.987271118927156,13.750078862693849,9.664345945662546,7.236779598133777,9.673399185971117,9.436351343868065,10.578193404839979,10.84178446968979,14.412907194774062,9.821911071339372,8.103917210752066,8.723422039585
TCGA-CR-7401,TCGA-CR-7401-01,Oral Tongue,C02.9,35.40783115,0,64.0,1,0.0,STAGE I,11.235756972094329,9.4266673111036,11.924649226409368,9.64227737850386,9.143332189390232,6.240495608987521,10.14831133011052,9.97690775177865,10.387532716835867,11.323758479706308,14.516604934140519,6.990376305355916,6.687858542382849,7.59920619477797
TCGA-CV-5436,TCGA-CV-5436-01,Floor of mouth,C04.9,19.19978959,1,65.0,1,1.0,STAGE IVA,11.615900863884825,10.047069366846967,10.374615686090662,11.292931255475914,9.029764824924476,4.988502918466408,10.589950701664636,10.132461171562051,9.611485943240922,10.884643706539793,12.475748627814458,8.088358943269194,6.640827681772376,6.360174620620807
TCGA-CV-5442,TCGA-CV-5442-01,Hard Palate,C05.0,76.5032712,0,76.0,0,1.0,STAGE IVA,12.115479384928886,7.784549786199594,12.083974545464221,8.698194164495638,9.900000327166568,3.969693879782201,10.025665593157342,9.840247631786523,10.506962075950781,10.206672524522093,7.688900686822935,1.36261015369037,7.921769544213247,1.36261015369037
TCGA-CV-5966,TCGA-CV-5966-01,Oral Cavity,C14.8,17.91761186,1,63.0,0,1.0,STAGE IVA,10.654841857429732,9.435086815016863,10.162038794753222,10.191244321780063,8.764141767296222,4.943072708587741,9.387823477471658,8.874606413325823,10.202687075256106,10.837525442998041,12.42489322814431,6.911931212309049,6.339584593829472,6.04667003268198
TCGA-CV-5970,TCGA-CV-5970-01,Oral Tongue,C02.9,13.34779893,1,59.0,1,1.0,STAGE IVA,11.758506394966238,9.43405895963621,12.285269272088001,10.418242664732873,10.166200750432198,6.357476349113979,10.433543714009364,10.894931416528665,10.613402729861814,11.343124630069044,12.773934530723054,9.082981943957346,7.500658668553967,6.0855415050597435
TCGA-CV-5971,TCGA-CV-5971-01,Oral Tongue,C02.9,23.04632278,0,60.0,1,1.0,STAGE IVA,10.040906125666963,9.881577445704966,10.783358428314864,12.80730862948184,9.219686442147474,7.247652236155208,9.747976429101385,9.98596998117669,10.562385541630137,10.342452520142315,14.664063892737186,8.996094934646663,7.375526041575656,8.638986096763325
TCGA-CV-5973,TCGA-CV-5973-01,Oral Tongue,C02.9,86.82644574,0,62.0,0,1.0,STAGE III,9.572908611245811,8.998900653387183,12.098344676895765,11.000992919960632,8.66594697876017,1.2180371589794636,9.853958232400762,9.386800171044777,10.082002634982114,10.611024797307353,10.69709788435442,10.022534268237864,7.047669251391315,5.06580492999926
TCGA-CV-5976,TCGA-CV-5976-01,Oral Tongue,C02.9,48.59124832,0,50.0,1,1.0,STAGE IVA,14.900149809606647,8.834733334330165,12.082405216759055,11.445578773513338,9.171789781519616,4.915616503617431,9.647388268755817,9.408111037525725,10.200726991343524,10.921632698020048,13.368915639966843,10.69927746443356,7.027142990563379,5.666219741297688
TCGA-CV-5977,TCGA-CV-5977-01,Oral Tongue,C02.9,60.49248775,0,66.0,1,1.0,STAGE IVA,10.60431229649539,9.519712906265374,11.34417382855508,10.28669636456141,9.062539997415342,2.9405426480985155,10.072092398450266,10.032569246179039,10.076561767261659,10.116161988224762,11.362847915444386,8.311434997089362,6.254645059479843,3.9362044765240913
TCGA-CV-5979,TCGA-CV-5979-01,Oral Tongue,C02.9,43.23240293,0,26.0,1,1.0,STAGE IVA,11.837154840843542,9.78138758350057,11.49870961629178,8.142939239516124,8.557306691072407,4.314957492109641,10.647053623553854,9.54812254231048,10.370447664147536,10.61698066874422,14.072609961421062,13.415583337734715,7.218403398762774,5.3962725377791525
TCGA-CV-6003,TCGA-CV-6003-01,Oral Tongue,C02.9,54.73912615,0,50.0,0,1.0,STAGE III,10.433564577730788,9.24369049962017,11.221562955316331,12.80547787592021,8.627781911856081,3.507528271910241,10.240600549955795,9.789675462258051,9.697021409018733,10.206904466119008,12.048050866270113,7.135811874104221,6.938779780945852,4.182302971547474
TCGA-CV-6433,TCGA-CV-6433-01,Oral Tongue,C02.9,21.07374166,0,57.0,1,0.0,STAGE II,8.436203490801171,10.3520986158278,11.553859645991082,11.447692832408048,9.229518227966585,6.127474392947553,8.456576193170505,10.041043068717933,11.94385541244538,9.608763049087607,9.362224392285741,9.960184430138378,6.973817884775495,4.989338863114688
TCGA-CV-6436,TCGA-CV-6436-01,Oral Tongue,C02.9,62.43219252,0,62.0,1,1.0,STAGE IVA,8.80735170175258,9.607374703683332,11.901202542601638,10.014146037919597,7.450089495801851,4.584661907941469,9.804837671836617,8.783679275306733,10.353532816108913,10.799046820394569,10.627570361762357,4.326896826636041,6.503609516255799,5.7918843813006795
TCGA-CV-6441,TCGA-CV-6441-01,Oral Tongue,C02.9,9.599894796,1,60.0,1,1.0,STAGE III,10.302855939972627,8.97319796822031,12.716414369758837,6.534640606724051,8.539868349481804,3.7660226342386554,9.277980099434544,10.431936300706703,11.133090824306743,9.111120017039038,8.008081212895235,8.251785356604412,6.323813186543036,4.587124921871777
TCGA-CV-6933,TCGA-CV-6933-01,Oral Tongue,C02.9,90.11408094,1,53.0,1,1.0,STAGE III,15.724263363486385,9.318608333909602,12.201903361224772,15.170046316725264,9.573944405066342,6.6956180623483315,9.272646112879585,10.023144439746654,10.434086072730391,9.786147083227688,12.474408156881747,11.71722229674724,7.189053598035221,4.050736758357215
TCGA-CV-6934,TCGA-CV-6934-01,Oral Tongue,C02.9,2.136962883,1,66.0,0,1.0,STAGE IVA,12.118042351922966,9.958428014792096,11.14311531470699,14.46247671080028,9.405520174070679,7.322469004113554,9.772449846016888,9.351562079217608,10.438220066177587,10.941355778875293,15.414754594478456,10.753709822542667,7.213745814935072,8.353768770931607
TCGA-CV-6936,TCGA-CV-6936-01,Floor of mouth,C04.9,5.457474439,1,68.0,1,1.0,STAGE IVA,11.86807015130257,11.219688861905867,11.468150533185451,9.650276303422185,8.998832973918171,5.492705637449841,9.39777301947016,10.158533954203548,10.783554873718339,10.480598367448252,11.596194416004588,4.818180787213719,7.282671462768319,5.614745174989711
TCGA-CV-6937,TCGA-CV-6937-01,Oral Cavity,C14.8,20.51484367,1,71.0,1,0.0,STAGE II,10.981738511508686,8.897400783351152,12.257019460533796,12.882310610457697,9.630032269747462,3.7947589530214114,9.45181279627821,9.84123567458486,10.138540600292409,11.218078825863923,12.790100015734458,11.15958125529247,7.605983169613013,5.6043590034940225
TCGA-CV-6938,TCGA-CV-6938-01,Oral Cavity,C14.8,4.734194694,1,87.0,1,0.0,STAGE II,10.668645696818004,10.644676489328651,11.59504763659298,11.893923378912163,8.762627865625046,6.546150547258696,9.908099848578924,9.874869184893415,11.573159580201978,11.263908821620321,10.332797428075725,10.112296142427741,6.578470817705958,5.124141995480787
TCGA-CV-6939,TCGA-CV-6939-01,Oral Tongue,C02.9,21.89565046,1,60.0,1,1.0,STAGE IVA,11.856728976249983,11.1098959331205,12.480633707142117,10.943979914343739,9.39056666379527,7.339404657907824,9.22391964572672,10.502702542345551,11.295877964531899,9.803824375556768,12.865362111847682,9.438671276484419,7.449668664877272,7.33646192818282
TCGA-CV-6940,TCGA-CV-6940-01,Buccal Mucosa,C06.0,26.43258704,1,80.0,0,1.0,STAGE III,11.661693492804297,10.269570876655369,12.239288238885331,10.547482604675718,9.240626784005196,5.106800556630342,9.932452474348587,9.92378057799846,10.413215369259557,10.664740593832692,13.109417697166903,8.406638705570868,6.973083139620779,4.705651738350747
TCGA-CV-6941,TCGA-CV-6941-01,Oral Tongue,C02.9,11.2437124,1,51.0,1,1.0,STAGE III,13.373137035802127,9.977093849640417,12.214792655086804,12.28388994916273,9.712059209409858,6.142511465916375,9.217157997904119,9.662618534482473,10.831711015214754,9.915401388260412,13.781441682505159,6.930536292279118,7.369483932686964,6.598587035982425
TCGA-CV-6942,TCGA-CV-6942-01,Oral Cavity,C14.8,140.7765394,0,73.0,0,0.0,STAGE II,10.288520062642183,9.512189348769672,10.775206961085859,12.714436576232671,8.387379774762122,8.16222514488802,9.965562092516556,9.245994716424972,10.312236319688271,10.679955055048811,13.493317589918249,8.288787652160103,6.131762320824665,7.557011771458222
TCGA-CV-6945,TCGA-CV-6945-01,Oral Tongue,C02.9,12.03274485,1,41.0,1,1.0,STAGE IVA,11.391404715393124,9.92334680046552,11.600317149152417,11.11551839953314,9.468662731468813,2.9105216139475694,9.149033215247094,8.942781320601437,10.468084331270752,10.522385366315934,13.562516720117546,8.247509830737915,7.368733433492592,4.200355255118289
TCGA-CV-6948,TCGA-CV-6948-01,Floor of mouth,C04.9,42.37761778,1,79.0,0,1.0,STAGE IVB,11.471619334276578,9.42153259537239,11.157694302591535,11.369799069576933,9.415532636282283,5.689436154141926,8.265811924006417,10.130094304752156,12.171886709199754,9.142732515129046,10.606692057472133,8.070872292257082,8.366024900998003,7.539344953297941
TCGA-CV-6951,TCGA-CV-6951-01,Oral Tongue,C02.9,30.08186212,1,57.0,1,1.0,STAGE IVA,12.023598434026875,9.432067883632644,12.493270048519456,7.557808298936688,9.426696659781197,4.073160417834546,9.724706540653067,9.613235112663265,10.846250401733464,9.437421265096955,12.585345196201889,7.494175567962031,6.788450809881805,4.971810226712843
TCGA-CV-6952,TCGA-CV-6952-01,Oral Tongue,C02.9,6.082125127,1,65.0,0,1.0,STAGE IVA,11.50207098205001,10.1265625191204,11.854506106031838,12.894700312239708,9.157781447063197,5.818628189612205,10.369619155562672,9.35199706453659,10.563806404138559,11.454196460657819,13.020202145810341,7.663301918604699,6.957055595903893,6.240884806233908
TCGA-CV-6953,TCGA-CV-6953-01,Floor of mouth,C04.9,53.9500937,1,80.0,0,1.0,STAGE III,13.351588027451733,9.586867928682969,12.704035468490762,10.583505921064539,8.760533673948482,6.601139355118917,9.511120100851013,9.58202151676961,10.994360508876039,10.99253477817136,10.704405142795402,2.078678142503528,8.027209354933458,4.435308552262582
TCGA-CV-6954,TCGA-CV-6954-01,Oral Tongue,C02.9,65.81845678,1,59.0,1,1.0,STAGE IVA,12.471065496115354,8.585413272492012,11.749580356749075,8.65986035476172,8.694514598750466,4.648010934007062,8.577749810855675,9.910177995404194,9.92131879521802,10.793782111105436,12.873192234118692,11.657492634442148,7.2174536962054585,5.618949254586651
TCGA-CV-6955,TCGA-CV-6955-01,Oral Cavity,C14.8,10.98070158,1,74.0,0,0.0,STAGE II,11.273906302583038,9.85679743765849,13.17907712404601,10.679550473156878,8.312905638990316,6.700994494168267,8.490534030530114,9.539629936990098,10.865625026005587,10.35113800789666,9.925233970217167,5.415038626383904,7.609230459956376,5.376446676095902
TCGA-CV-6956,TCGA-CV-6956-01,Oral Tongue,C02.9,7.134168393,1,67.0,1,1.0,STAGE III,11.898026915667518,9.602734120157328,11.904533019848264,9.712817573633266,8.851795881403753,2.686993480483755,9.527635341949049,10.186795179480471,10.377817853083645,10.693513093042316,11.656876193538437,9.303794444583996,6.904086639681799,6.546510204372003
TCGA-CV-6959,TCGA-CV-6959-01,Oral Tongue,C02.9,8.416346122,1,48.0,1,1.0,STAGE III,15.807563723367851,9.433153506832495,11.058174416473017,12.241718055442275,9.460670902259617,6.769798181364915,10.263633056407944,9.828906033694292,10.407830709164443,11.226556695906368,12.57858025844855,4.993022148791517,7.712705821638562,7.929962567881277
TCGA-CV-6960,TCGA-CV-6960-01,Oral Cavity,C14.8,28.33941546,1,49.0,1,1.0,STAGE III,16.08327778471374,10.446463023416886,11.497347903170802,9.960799828822335,8.806240267271317,4.062009428829606,9.592787772699777,9.334291165227883,9.761200488598163,11.128290822998592,12.929260258244815,11.507066172760945,7.184528261117177,6.281117717441693
TCGA-CV-6961,TCGA-CV-6961-01,Oral Tongue,C02.9,2.498602755,1,61.0,1,0.0,STAGE II,11.595299446757778,9.7955234568657,11.730729102750086,9.873414889185527,10.325721449017937,6.105581705060428,9.450394727695906,9.866708654422991,11.369319249004324,10.462768088441086,12.998052668258046,7.543789712912173,7.639217689911821,8.392089836861045
TCGA-CV-7090,TCGA-CV-7090-01,Oral Cavity,C14.8,172.6666009,0,39.0,1,0.0,STAGE II,12.475383859272114,10.165422082917866,11.154894038371923,13.957945423261071,9.330320859237528,5.920381441039812,11.028251428162793,9.568273471423678,9.78234794896862,11.162756362469123,13.367442054074033,9.052758224056404,7.819310530623828,6.973473519575491
TCGA-CV-7091,TCGA-CV-7091-01,Oral Cavity,C14.8,111.1549463,0,54.0,1,0.0,STAGE I,12.213890984887803,9.564353396802927,11.282329754537196,12.24281683653688,9.845022667502986,5.910739856175405,10.083944637782864,11.156993166412645,11.70147541634916,11.771819567898307,12.867350177604365,5.373578615105106,6.944120515333776,4.996207946266811
TCGA-CV-7095,TCGA-CV-7095-01,Oral Cavity,C14.8,18.80527337,1,87.0,0,0.0,STAGE II,14.025727873588222,9.962826615530314,11.407719199787683,11.615887073916056,8.762461770948052,5.337582656585891,9.446514717167572,9.520652071341678,10.186968458341479,10.898351973827237,11.154754831566144,8.239808534085533,6.514766120388397,3.5900270782763695
TCGA-CV-7097,TCGA-CV-7097-01,Oral Cavity,C14.8,12.65739554,1,53.0,1,0.0,STAGE II,12.209690952089193,10.050297620460581,11.147809101893209,13.59912248992222,8.813717070012515,6.222961014507747,8.746752791179093,9.876171579288863,10.832391628815957,10.760037936180213,13.566137304776104,7.245970955881725,7.194786397362919,5.398976214266451
TCGA-CV-7099,TCGA-CV-7099-01,Oral Cavity,C14.8,7.988953546,1,85.0,0,0.0,STAGE II,11.1870922162156,10.515098590081596,11.994954434593394,12.04899765291107,8.443067860750395,6.158468314844734,9.82596525368895,9.34955768662052,11.261742352382909,10.825173458651351,12.147840893672337,12.06172895286998,6.460704890743343,5.099901110007942
TCGA-CV-7100,TCGA-CV-7100-01,Oral Cavity,C14.8,9.008120459,1,66.0,1,1.0,STAGE III,12.160445021864838,9.889531341655369,11.331415238684766,13.682764207960362,10.083067069852,6.090419456026244,9.474040513423637,10.579391370642742,10.995526917207497,10.24189975450711,11.46409132683236,5.621377916178579,7.109736647557326,5.942985943268162
TCGA-CV-7102,TCGA-CV-7102-01,Floor of mouth,C04.9,1.841075714,1,76.0,0,1.0,STAGE IVA,15.366516882970714,9.854897984690652,11.162592738088643,13.778662386786403,9.447430423349308,6.619225178023914,10.471024839066756,9.949664781399367,10.570111853771033,11.45228757892777,13.63247271611596,8.743727010542045,6.780310099043375,7.825588489762167
TCGA-CV-7103,TCGA-CV-7103-01,Oral Tongue,C02.9,52.3062761,1,49.0,1,1.0,STAGE IVA,10.605460998109155,9.468457059375591,11.939524120529512,11.320806188804315,11.611845534770811,5.6469431376102,8.681884931661207,9.19431610039185,10.483100297169662,9.765708774215705,14.560350748360833,9.774222058113612,8.031472393217035,7.090662921168857
TCGA-CV-7104,TCGA-CV-7104-01,Oral Tongue,C02.9,12.92040635,1,61.0,0,1.0,STAGE IVA,12.035434901000961,9.531673869065276,11.716480821148604,12.533020619789744,9.12655477578834,7.477199695729978,9.64485310820149,10.310499179152215,10.29414972856425,10.834518454299847,13.555380006655785,12.819081362649289,7.395217071869702,6.284615920790587
TCGA-CV-7178,TCGA-CV-7178-01,Oral Cavity,C14.8,71.21017852,1,64.0,0,1.0,STAGE IVA,12.096352788311659,9.02536937830784,10.816239691799792,12.67729460934473,9.350041913015048,6.909953069842726,9.09518864776652,9.13313450430321,10.020771642582043,11.008519663059761,13.793928387027716,7.637313179965325,7.806968434121849,7.949114669371503
TCGA-CV-7180,TCGA-CV-7180-01,Oral Tongue,C02.9,10.75056712,1,34.0,1,0.0,STAGE II,12.037804309998101,8.940451619382001,12.306975904262744,8.943798284448956,8.82898375916832,4.390750217240185,9.619097496610161,9.443370437236126,10.128187698771857,11.392430128926303,11.723294038581669,3.634070458133498,6.781595771581673,5.115857262013571
TCGA-CV-7183,TCGA-CV-7183-01,Oral Cavity,C14.8,130.8807575,0,53.0,1,0.0,STAGE II,11.884525424231162,9.015225468408374,12.4607502415996,9.859250567653536,8.629185380960617,4.542289008555793,9.165803933697353,9.584998191953852,9.98821601876242,10.963965342736357,12.308341874566889,2.6511550447334167,7.745607103098157,7.195150710564713
TCGA-CV-7235,TCGA-CV-7235-01,Floor of mouth,C04.9,77.16079824,0,67.0,1,0.0,STAGE II,12.509228200435162,9.8503978339498,11.1711079770795,12.706787376775235,9.282062123104275,6.581236743018482,8.630558365289362,9.172979977553833,10.076815597050832,10.348174867535556,14.224612217535537,14.155940822832076,8.308302620972327,6.952578188683938
TCGA-CV-7236,TCGA-CV-7236-01,Oral Tongue,C02.9,4.734194694,1,77.0,0,1.0,STAGE IVA,15.749159739303963,10.354535908655242,11.750987459736791,10.266165767246498,9.902952378500627,6.045868848928401,9.289709994170074,9.72228840903496,10.28140847665481,10.999161471644843,12.857372618557767,10.031783896049763,7.108963471074435,6.299944291946694
TCGA-CV-7238,TCGA-CV-7238-01,Oral Tongue,C02.9,89.65381201,0,69.0,0,0.0,STAGE II,11.054149800824502,10.081829590112749,11.316213638617386,11.99338778104296,9.160368123478342,5.912391191203291,10.013252875169991,10.437970488347743,10.059520223646322,10.60246690183057,13.22744447030244,10.546431488805665,6.809362991997412,7.645218892812542
TCGA-CV-7243,TCGA-CV-7243-01,Oral Tongue,C02.9,31.36403985,0,50.0,1,1.0,STAGE III,11.549298554708276,9.726008638227253,12.058130436767348,12.106736315145177,9.668264527445562,3.945935380961013,10.04362885087643,9.842560917517684,10.514289959775986,11.397011418316957,14.125324671614422,7.847890453774764,7.152923644884998,6.920007401004558
TCGA-CV-7252,TCGA-CV-7252-01,Oral Cavity,C14.8,4.964329158,1,62.0,0,1.0,STAGE IVA,11.983307169965817,9.733835610650324,11.420265533531717,10.575274507859406,9.737995964114889,6.168076366400011,9.292974954376124,9.451707725641363,10.217788101577215,10.734726553166853,12.889842352449207,10.300764373248063,7.648228138143008,6.497484631319202
TCGA-CV-7253,TCGA-CV-7253-01,Oral Cavity,C14.8,11.86836309,1,58.0,1,1.0,STAGE IVA,13.203003807572932,9.798617602328722,12.349181691038279,7.864347123102273,9.936531941187354,2.670523125593782,8.996688146914918,10.48411798619059,10.496783887354109,8.844501780056733,9.117219710210453,4.697039832993002,7.496837802821639,3.472721703043002
TCGA-CV-7254,TCGA-CV-7254-01,Oral Cavity,C14.8,47.96659763,1,55.0,1,0.0,STAGE II,10.490108785755266,9.456249674726797,11.045718713922474,13.357689449961006,9.547738999315204,7.328190208072204,9.127816390508926,9.536000430581739,10.48503429953889,9.1790257908061,14.112447652055764,12.06609928390456,7.803239954491714,7.507168279477438
TCGA-CV-7255,TCGA-CV-7255-01,Oral Tongue,C02.9,2.104086531,1,32.0,0,1.0,STAGE IVA,12.530038056575847,9.195886441141438,11.71009179558286,13.336883084203581,9.47397965305489,4.348359910221862,9.874461945408761,9.841808052193544,10.40318249445324,11.264366358230225,11.746056583340192,9.781371189462297,7.001475753164091,5.796047398388264
TCGA-CV-7263,TCGA-CV-7263-01,Oral Cavity,C14.8,18.41075714,1,64.0,1,0.0,STAGE II,11.838396377478249,9.936387653868078,12.643587913723497,13.705502798154546,9.381244431673041,6.787563061792292,9.555565026368287,9.531915548726625,10.400922118936021,9.645890757846521,13.662367968193793,9.722667523200585,6.935318300181186,6.223696697729276
TCGA-CV-7407,TCGA-CV-7407-01,Floor of mouth,C04.9,35.53933656,1,67.0,0,0.0,STAGE II,11.470923191432236,10.042562264285134,11.736165127235683,10.30984010814752,11.45085039298037,6.291863210930617,9.350364640342839,10.6645628377485,11.123125560404562,10.999478619505537,11.386094205212064,11.12742692986628,7.343070206371049,5.5398350128686324
TCGA-CV-7409,TCGA-CV-7409-01,Oral Cavity,C14.8,17.85185916,1,43.0,1,1.0,STAGE IVB,11.586469217264819,10.136170874667252,10.996240435469245,12.685101362686188,9.174373958325171,5.180569593626441,9.292498794999078,9.85352165497464,10.162189891303228,9.894334258222427,10.94554625531122,8.466243720690498,7.4978199097366325,4.144478786916939
TCGA-CV-7411,TCGA-CV-7411-01,Oral Cavity,C14.8,89.32504849,1,64.0,0,1.0,STAGE IVA,11.574030529926494,8.956373252978924,12.579947567708604,11.167179767827996,8.63825488694451,4.892046097989725,9.393660736325941,9.529518401643163,11.053111336459562,11.02101465203425,13.224153957338748,8.073241839958301,7.798134781876612,6.766383141001298
TCGA-CV-7413,TCGA-CV-7413-01,Oral Cavity,C14.8,9.6656475,1,74.0,0,0.0,STAGE II,11.080604371320732,9.521325614493657,11.858501701620684,12.69505860387341,9.092796774854579,5.460713080619701,9.296959785244606,9.741588329479015,10.486302081068557,11.067978798081718,14.194218205175453,11.36728369048326,6.063420968668198,6.8858183719899175
TCGA-CV-7414,TCGA-CV-7414-01,Oral Cavity,C14.8,0.460268929,1,78.0,1,1.0,STAGE IVA,11.33063122310092,9.551066066553147,13.829078530993689,10.398059585451122,9.106322144035442,5.139539074090878,9.078700555298054,10.37316966943962,10.640199738301295,9.558673258464818,12.458324581335624,7.664575281387314,6.619722587484058,6.978435906276071
TCGA-CV-7416,TCGA-CV-7416-01,Oral Cavity,C14.8,25.08465661,1,29.0,0,1.0,STAGE IVA,12.68521746394412,8.882725574048349,11.139225174362718,10.404204896934502,9.7113968193256,5.7692745372564875,9.898714742958981,9.87496137410174,10.563224877915443,11.260760793201865,14.30087445609516,6.455332152586868,7.776308004423933,7.3545315009829855
TCGA-CV-7423,TCGA-CV-7423-01,Oral Cavity,C14.8,100.5687609,1,65.0,1,0.0,STAGE II,12.952118759601957,9.689479136699449,11.31881392503318,12.844674384080646,9.425755108160475,3.9477783516588114,10.202638105599917,9.969674312095458,10.359079660542887,10.903648405419426,12.378525170131242,6.459626697163382,7.536324934539674,5.0556338462282735
TCGA-CV-7425,TCGA-CV-7425-01,Oral Cavity,C14.8,56.48157281,1,77.0,0,1.0,STAGE III,11.309493406873191,9.487838024497083,12.116106741875466,10.915281865867659,8.726565590680211,6.344240862501076,9.380930703304864,10.148959518180758,10.862536628824765,10.579730770625174,11.380336596156663,7.008204496694817,7.178664851006472,5.137011612041735
TCGA-CV-7427,TCGA-CV-7427-01,Oral Cavity,C14.8,156.4914357,1,73.0,0,0.0,STAGE II,11.535843981939395,9.916357211096791,12.226963033343416,10.1486926524791,9.106434695185818,7.19449094072908,9.550109935429969,9.743513285048488,11.111944187692528,10.573940619240236,10.694183743333149,6.497649087136337,7.321765782565023,5.141195701207622
TCGA-CV-7428,TCGA-CV-7428-01,Oral Cavity,C14.8,54.93638426,1,47.0,1,1.0,STAGE IVA,11.675560149035041,9.995215967181807,12.078260907456498,12.280825855907262,9.194840557849629,6.190393619472398,10.730707877813224,9.547085392184572,12.683264405604582,11.14331943295836,12.08359234509708,7.785864374393769,6.768753349121321,6.725768418057432
TCGA-CV-7429,TCGA-CV-7429-01,Oral Cavity,C14.8,3.517769668,1,55.0,1,1.0,STAGE IVA,11.882165383218059,10.075505890575512,10.137913322088407,11.085060770937023,8.959315184857857,5.564905515626204,9.085015610882968,9.169391406173027,11.21419160424015,9.35122636636867,13.370660165329467,3.6920923754275723,7.5125508559242995,8.811798528287174
TCGA-CV-7432,TCGA-CV-7432-01,Oral Cavity,C14.8,84.49222474,1,79.0,1,0.0,STAGE II,12.069587384169473,9.508957443429601,11.024945713069801,8.737865870505798,8.865931183283836,3.40858959355693,8.826122606958613,9.262830103496686,10.558535512020038,10.397899201057642,10.949483865844568,8.902347978900908,6.882251756969725,3.734698783039288
TCGA-CV-7434,TCGA-CV-7434-01,Oral Cavity,C14.8,7.167044745,1,64.0,1,1.0,STAGE IVA,12.517083727973501,9.764206471106057,10.789981870403624,8.873453340812349,9.664333500045483,4.544788285774248,10.30205624519381,9.363917906087888,9.795809148696012,10.382526762956495,11.356138306769951,5.092807872161186,7.538305351971588,5.092807872161186
TCGA-CV-7435,TCGA-CV-7435-01,Oral Cavity,C14.8,153.8613276,1,57.0,0,1.0,STAGE IVA,11.44184447336366,9.902409786990946,11.749316372085055,13.450901929767163,10.437200684797522,7.720709403272513,10.224037861746947,9.864443082477866,10.688870971654168,10.679823138637133,14.401592871025908,11.038301734862122,7.255651792783191,7.326114846419228
TCGA-CV-7438,TCGA-CV-7438-01,Oral Tongue,C02.9,6.378012296,1,87.0,0,0.0,STAGE I,11.276810685627037,9.197875217872154,11.340890460838024,12.184580948550268,8.887863362773183,6.60571358976929,10.079471450169628,9.945495046753424,13.868446402088564,11.146753216898245,13.925350445433379,12.341224138672702,6.325987172620717,5.702000867994158
TCGA-CV-7446,TCGA-CV-7446-01,Oral Tongue,C02.9,35.93385278,1,66.0,1,1.0,STAGE IVA,12.596639363311809,10.483886298342918,11.237203984375448,9.478322688862702,11.204827872217805,5.853574051241916,8.756292777278805,11.268653107516466,12.07291304316301,9.569107490912554,11.776478270177469,10.005343841917792,9.449487092063794,7.343594365630301
TCGA-CV-7568,TCGA-CV-7568-01,Oral Cavity,C14.8,30.47637834,1,48.0,0,1.0,STAGE IVA,12.006673209362951,9.707514437780702,10.546933034105654,11.187197402062221,9.555346451316359,5.231808701240932,8.77911851743476,10.880876806792523,10.601204368366295,10.771283119641005,13.650939537018582,8.991691898336963,8.239846713498986,6.601313212559062
TCGA-CV-A45O,TCGA-CV-A45O-01,Alveolar Ridge,C03.9,27.97777559,0,57.0,1,,,10.269477372755865,8.843497128662921,13.140431984466698,8.903490246967104,7.908752874240136,4.845836256211218,8.785812075358368,10.427930859946494,11.17372709890289,10.969206622964235,10.669026765509631,6.945806659280534,7.413983270548229,4.459779135129796
TCGA-CV-A45P,TCGA-CV-A45P-01,Oral Tongue,C02.9,21.00798895,0,82.0,0,0.0,STAGE I,10.608282548073577,9.401796835169351,12.767944407144542,11.79711838672993,8.417717519560554,3.966808811350327,9.147082786858775,9.360752729935715,10.53540175272659,10.911736515611151,11.007160454165675,6.103495541541483,7.2450582548646,5.283384735042355
TCGA-CV-A45Q,TCGA-CV-A45Q-01,Oral Cavity,C06.9,169.3789657,1,69.0,0,,,8.532796167469003,8.56273850388241,11.856596712055515,10.355538304245142,5.69813233631093,0.0,9.737489039700284,8.13686298072077,9.188648184128814,10.766967778907095,9.559182041034411,3.888304895208487,6.968920178454636,4.257236964733836
TCGA-CV-A45R,TCGA-CV-A45R-01,Oral Tongue,C02.9,180.1624092,0,46.0,1,1.0,STAGE III,10.109752315769626,9.768233957926851,12.25713145866162,11.580088939561072,8.782555998520307,5.500588564276702,9.625266835867635,9.751416855310767,10.650899159386402,10.92711126517602,13.025795341021118,10.624320265880858,7.079634112368706,6.645785225502127
TCGA-CV-A45T,TCGA-CV-A45T-01,Oral Tongue,C02.9,159.6475655,1,64.0,0,0.0,STAGE II,9.640707681463251,9.665293275322263,11.681501973884476,12.677076538997692,7.933914860071934,5.765844998514969,10.461776141288071,8.87031847861669,9.804613452612564,9.996063854899086,12.653899726107833,7.7491118555214555,6.636526020930377,6.954126500873363
TCGA-CV-A45U,TCGA-CV-A45U-01,Oral Cavity,C06.9,35.47358385,1,59.0,1,1.0,STAGE IVA,10.618367147243106,9.847361204250646,11.596711566948468,10.9976381906753,10.981681437231519,4.350525534944859,8.570603338010011,10.094856240494511,10.340807029319267,10.020257716368322,11.692842130848424,8.209326636850026,7.906752330708468,4.498563630335753
TCGA-CV-A45V,TCGA-CV-A45V-01,Oral Cavity,C06.9,1.052043265,1,87.0,0,1.0,STAGE IVA,11.464943891474771,9.579106590170078,12.229050104264541,10.182245358271338,8.673863783656305,5.355107910231272,9.09617750219213,9.901530657125498,10.689526311203176,10.230296695564531,13.14723354955986,6.427428506551837,7.713640833039549,6.493781811886532
TCGA-CV-A45X,TCGA-CV-A45X-01,Floor of mouth,C04.9,6.509517704,1,47.0,1,1.0,STAGE IVA,12.411550709245011,9.9303219116647,12.083775149209757,13.606312669958031,9.14937623825211,4.202864331513282,8.822363692551898,9.829705295809832,10.672336938831611,10.730257835654754,11.051066160070834,6.442198740348321,7.647012237302243,6.176887212399248
TCGA-CV-A463,TCGA-CV-A463-01,Floor of mouth,C04.9,0.756156097,1,82.0,0,1.0,STAGE IVA,11.611536660295917,9.252462021761099,12.199178480763429,6.987605101610156,8.788640038466557,3.6019460549964415,9.294025629323357,9.288896057923834,10.646261680600555,11.373610151312617,10.497422755952106,2.7161129421241474,7.220997356530841,6.411470312336193
TCGA-CV-A464,TCGA-CV-A464-01,Buccal Mucosa,C06.0,56.61307821,0,48.0,1,1.0,STAGE III,10.390254956321868,9.717810063210463,11.133071553299631,11.501225153410479,8.671006701786768,4.453570255389042,9.206242723636008,9.912627412421681,10.087940124622076,11.101686840483893,14.283319906678441,8.66441172785495,6.450076295128036,6.93954395453455
TCGA-CV-A465,TCGA-CV-A465-01,Oral Tongue,C02.9,7.068415689,1,24.0,1,1.0,STAGE III,10.575548700899496,9.256501208640938,12.339443631081956,9.390024894510338,9.280629277022717,3.741736623826638,10.277670982785603,10.14136636885853,10.262000855660977,10.299677390411658,11.452467770046372,4.997464039291539,7.49976617797294,6.864470940455967
TCGA-CV-A6JD,TCGA-CV-A6JD-01,Floor of mouth,C04.9,5.983496071,1,82.0,0,,,8.80961380432977,10.202417721575182,11.30971507794926,11.450824623896574,7.5669749373345505,4.942950766652001,10.141123646826859,8.947721670969688,11.461387357429583,11.016125770505155,13.634016895684145,10.266868509675401,4.697401312437179,4.647890091059215
TCGA-CV-A6JE,TCGA-CV-A6JE-01,Oral Cavity,C06.9,35.34207844,0,78.0,1,,,9.013571127809069,9.521364878446219,10.925346736176555,12.166147387444976,7.84936756692999,2.61953039353937,11.12892229809301,7.285485448867611,8.98821317788603,9.82740781063148,12.669458669352695,9.312495008707451,6.391827853904756,4.840825750424148
TCGA-CV-A6JN,TCGA-CV-A6JN-01,Oral Cavity,C06.9,29.78597495,0,53.0,1,,,8.466247799943242,9.61777415461842,11.731743290707842,12.592847091516406,6.910888529775325,2.938605727909355,10.680051786085148,8.687666117969341,9.776433032444732,10.133142212400601,12.355810813385693,5.533977534091877,6.163231019889097,4.681825913602451
TCGA-CV-A6JO,TCGA-CV-A6JO-01,Oral Tongue,C02.9,6.476641352,1,69.0,1,1.0,STAGE IVA,11.588475727986818,10.443285473535083,11.712969714357019,10.397086312658004,8.500120849712797,5.181901617469418,9.905603618667865,9.419564172163328,11.035369601321058,11.514896474992206,10.98815920017172,6.7603939530256545,7.131167594025126,4.438006679809522
TCGA-CV-A6JT,TCGA-CV-A6JT-01,Oral Tongue,C02.9,28.01065194,0,65.0,1,0.0,STAGE II,11.988681136829213,9.925837758841919,12.224987460403543,13.98822312092892,7.882404618191797,3.9875027832160326,10.35978249818927,8.669692950776659,9.963140288724581,10.883002150147876,14.28844796646158,9.56384262260755,6.288004120694648,4.168730275995518
TCGA-CV-A6JU,TCGA-CV-A6JU-01,Oral Tongue,C02.9,3.616398724,0,61.0,0,1.0,STAGE IVB,8.614809209994494,9.68773434410719,12.242349435747983,9.351385397982453,7.98501649072527,3.6735790365878658,8.712582024707912,8.598488035238411,9.469770005885064,9.199745949848543,12.116818282977063,8.30188939582771,5.600828737114342,6.380616906698497
TCGA-CV-A6JY,TCGA-CV-A6JY-01,Oral Cavity,C06.9,21.23812342,0,69.0,1,1.0,STAGE IVA,11.250304340287611,9.260286819608693,12.615183610669957,8.494531616592369,9.25405306324476,4.334396652249682,9.12503886360578,9.939809850788155,10.350342538034232,10.237150195845182,10.787045500684812,5.197806430837663,7.662867722440933,6.8748461366708415
TCGA-CV-A6JZ,TCGA-CV-A6JZ-01,Oral Cavity,C06.9,23.47371536,0,68.0,1,0.0,STAGE II,11.046673851974822,9.21483635810923,11.44390186489773,12.024142345897802,9.396343616899232,6.511975562574063,9.135491262380457,10.536800871170678,10.813332282926071,10.23547577239733,13.738778390183883,11.67311028269647,6.277756054574246,6.58058118249154
TCGA-CV-A6K0,TCGA-CV-A6K0-01,Oral Tongue,C02.9,19.92306934,0,58.0,1,0.0,STAGE I,12.62297838018464,9.702006410809416,12.059013157289979,12.103992589493826,8.938985559810668,7.240362036714243,10.113338467458146,9.58042440664651,10.484037403333218,10.621035350102236,14.01372394787511,10.782801687698566,6.657770036242291,6.693222090619236
TCGA-CV-A6K2,TCGA-CV-A6K2-01,Oral Cavity,C06.9,10.4218036,1,79.0,1,1.0,STAGE IVA,10.446494039889568,9.97995387226646,11.951357576512953,10.525608894976926,8.935070733463995,4.8177664967165,8.945493583625064,9.339749812250126,11.244476820002763,10.984724625160538,12.227910709200245,10.96137734077643,7.35425819900029,4.787197359625342
TCGA-CX-7085,TCGA-CX-7085-01,Oral Tongue,C02.9,10.55330901,0,77.0,0,0.0,STAGE I,11.457939994611754,9.847982817667399,11.683876253707249,11.98582059520287,9.280677989331132,9.088517956478164,10.184838159567237,9.545111205541362,10.772627989912879,10.846477645312882,14.698400818130338,8.583959027921505,7.916094422938358,8.757126616385541
TCGA-CX-7086,TCGA-CX-7086-01,Floor of mouth,C04.9,18.83814972,0,53.0,1,1.0,STAGE III,12.314520935722372,9.244963148627567,11.517944910671002,8.686479516908276,9.505579354602114,5.539289113162688,9.306863723408581,9.801148953574696,11.160010050786562,10.631513584650822,10.321353156535901,5.045919072424634,8.384097308543817,6.807741306483666
TCGA-CX-7219,TCGA-CX-7219-01,Floor of mouth,C04.9,34.35578788,0,47.0,1,1.0,STAGE IVA,12.743915045963812,9.277657036112139,12.186863255800805,12.099163680781432,9.573043098153404,7.194943949496733,9.342628076581908,9.62678954637581,10.45217945345289,10.669496316381437,13.381245513376978,9.406849130724185,7.5142643128637205,7.159719997193214
TCGA-CX-A4AQ,TCGA-CX-A4AQ-01,Floor of mouth,C04.9,51.12272742,0,56.0,1,1.0,STAGE IVA,9.64259688890162,10.12023787734196,11.865485842125707,12.534431775613008,8.048759311919856,5.369456014127677,10.1154468719527,10.572974909175494,10.423199968589174,9.137252464772212,11.584022940257542,10.426547813894903,6.94346426011537,7.823902180078649
TCGA-D6-6515,TCGA-D6-6515-01,Oral Tongue,C02.9,13.24916987,1,82.0,0,0.0,STAGE II,10.990387651802743,9.88039013675886,11.281848909291181,11.410324142806315,8.87276720979871,8.105714739782353,10.209465550501825,9.520602966978089,11.165001176321805,11.050345241006143,13.65956114594839,11.198352951595789,6.543545374688049,8.118162430063126
TCGA-D6-6823,TCGA-D6-6823-01,Oral Tongue,C02.9,23.04632278,0,50.0,1,0.0,STAGE II,12.78582637606419,9.24909922722002,11.567167034331252,10.298566678060697,9.113851535895721,5.53531892902125,9.769027856188973,9.809813136878697,10.527887470642847,11.649256177517314,12.486666613532531,8.318249043922396,7.309067020588001,5.68163479093944
TCGA-D6-6825,TCGA-D6-6825-01,Oral Tongue,C02.9,16.14228885,0,73.0,1,0.0,STAGE I,12.161475190953553,10.141660135639151,11.426673600156203,11.965290076972684,9.679240803410147,8.006281190863763,10.630676664854088,9.774624006084792,10.873367207744929,10.89236066584983,13.0106644666417,8.815341663613445,7.605590632784461,6.610066618233118
TCGA-D6-8569,TCGA-D6-8569-01,Oral Tongue,C02.9,25.31479107,0,52.0,1,0.0,STAGE II,12.060185900178139,10.01068194785773,11.542543425937428,10.661644508713056,9.471439487212761,6.053680480356798,10.221925402047042,9.855756162074808,10.267594317416696,10.613264585230104,13.149943952671157,8.82330672838919,6.982423226775876,5.931304843650669
TCGA-D6-A4Z9,TCGA-D6-A4Z9-01,Oral Tongue,C02.9,17.72035375,0,59.0,1,1.0,STAGE IVA,11.561412063158054,9.244332911399923,11.844486087757799,11.281999552751987,9.162144563999794,5.754355744337004,10.10682463009568,9.48903910216162,10.150115366131766,11.390711746028657,12.536701325983685,9.856009935248727,6.412791685126933,6.008695285905698
TCGA-D6-A4ZB,TCGA-D6-A4ZB-01,Oral Tongue,C02.9,12.36150837,0,61.0,1,1.0,STAGE III,11.015868001457138,9.508470249850467,11.819580375155004,11.133482612297861,9.450464839415536,4.272090393786458,9.70071539914537,10.195901201126306,11.372222994126433,10.05724717581686,13.432359203124507,8.058819749037994,7.292119135076829,6.533011953949101
TCGA-D6-A6EM,TCGA-D6-A6EM-01,Oral Tongue,C06.9,7.627313673,0,65.0,0,1.0,STAGE III,8.418856146468999,9.167588750114083,11.253498880189417,11.775264585085742,8.10057298900455,3.92285433461513,9.723896397597228,9.513538118771823,9.6503104148872,9.567237400097458,11.394183989600325,6.10339062955808,5.634021071810996,5.982110580452984
TCGA-D6-A6EN,TCGA-D6-A6EN-01,Buccal Mucosa,C06.0,22.58605385,0,71.0,1,1.0,STAGE III,8.472122177414018,9.813226448482824,11.148502003893345,10.592821402564521,6.7303002984600395,5.11295862719863,9.620307814389635,8.87535004048504,11.515931399846101,10.205732168720552,10.787241444710993,10.842562488850685,5.735421986662038,4.659416558141392
TCGA-D6-A6EO,TCGA-D6-A6EO-01,Floor of mouth,C04.9,24.9531512,0,44.0,1,1.0,STAGE IVA,11.33164476261307,10.167355418596749,12.525187991662884,9.514238665495519,9.368430068673625,4.792100498420887,9.605207250817404,9.45237098447179,10.825618698093258,9.908189938659408,11.018130616140974,3.2622677704377594,6.411207587638968,6.596511810251163
TCGA-DQ-5624,TCGA-DQ-5624-01,Oral Tongue,C02.9,58.45415393,0,43.0,0,,,14.111045988166973,9.56420094582649,11.563539503172189,12.446276910576213,9.73554756233223,6.615812054176961,9.655582598424084,9.936793977170387,10.26429011220448,10.72404481572943,14.253766249871479,8.37958630812681,7.059971700739942,6.653151759500124
TCGA-DQ-5625,TCGA-DQ-5625-01,Oral Tongue,C02.9,37.24890686,1,52.0,0,,,10.897331196316577,10.714288454379593,11.176690531209132,10.721065001215841,8.723623404843057,7.106002765059132,10.99723594539198,9.1662082838714,10.45386734591447,10.55739668700035,11.916708018403295,6.740509366334078,6.606482203733451,6.828428485320979
TCGA-DQ-5630,TCGA-DQ-5630-01,Oral Tongue,C02.9,33.8626426,0,73.0,1,,,10.368386413809347,10.841957399099547,11.539997230885543,12.504332380753679,9.141218185525913,7.027905996569885,9.847909240130281,9.07817216106474,10.92834071074789,10.65429589903499,14.062687043184143,12.759894423238794,6.744618594211496,6.830584923668814
TCGA-DQ-5631,TCGA-DQ-5631-01,Oral Tongue,C02.9,18.01624092,1,52.0,1,,,12.615896267243215,9.450972016842849,11.481168745299035,11.52006860346011,9.760786467893562,6.131439264364208,9.409760049116606,10.443554853417966,10.234518085739989,11.12231681498244,12.248556182675841,8.48446041312882,7.303506792729708,6.266627273360536
TCGA-DQ-7588,TCGA-DQ-7588-01,Buccal Mucosa,C14.8,14.03820232,1,66.0,1,,,12.166872327513689,9.027964034858122,10.835347777783095,10.382515955482997,7.975951116298393,1.8244012785484163,10.88596323198923,9.407637420766633,9.51594420854981,10.652674707018528,11.855880718903833,6.947420700110762,5.71914236088097,2.7019260379038164
TCGA-DQ-7592,TCGA-DQ-7592-01,Oral Tongue,C02.9,37.57767038,0,57.0,1,,,12.541391901898388,8.882890609261041,11.686439246359367,12.850534574333148,9.672276821602136,5.555359106564609,8.933029637101903,9.785037173784263,12.227402350981736,10.788277872400798,13.032006110835384,7.838384558357694,7.566914069583617,6.7480586391571675
TCGA-F7-8489,TCGA-F7-8489-01,Floor of mouth,C04.9,21.63263964,0,48.0,1,0.0,STAGE II,11.607260951743736,9.63518301791804,11.826310136924281,12.00962220345742,9.31317101185544,6.869229846465717,9.280645514641607,9.59933453279172,10.537140729804998,11.091798989570993,12.79930995700484,8.160063010798767,6.428891087285612,6.543079780365575
TCGA-F7-A50G,TCGA-F7-A50G-01,Oral Tongue,C02.9,20.25183286,0,66.0,1,1.0,STAGE III,10.652504420938019,9.654394365819272,11.584849785768101,12.425551618718076,9.547615627131291,6.261763974432132,10.434711618003552,10.066506327406993,10.755747185727733,11.137676421619384,12.366365931614977,7.4339442447531,7.138077208836384,6.85774467227494
TCGA-F7-A50J,TCGA-F7-A50J-01,Oral Tongue,C02.9,31.13390538,0,67.0,0,1.0,STAGE III,14.268395793556559,8.995515611107999,11.208106302801067,11.462394910006266,9.0655023033422,4.39432892292489,9.550929515182446,9.187807328785766,10.050596923495297,10.913749608371923,12.867004539810551,8.760327414496585,6.998330918735307,5.597012640452516
TCGA-F7-A61S,TCGA-F7-A61S-01,Oral Tongue,C02.9,18.93677878,0,62.0,1,1.0,STAGE III,10.292666733877931,9.332620671220894,11.329835571818096,11.827632484535046,8.407900796361517,5.163949504053736,9.661441429649638,8.979279417888238,9.840770057188434,11.017051965592866,12.309138093720678,7.17342729734862,6.271989585524339,5.879367595001084
TCGA-F7-A61W,TCGA-F7-A61W-01,Oral Tongue,C02.9,0.460268929,0,51.0,1,1.0,STAGE IVA,10.838392437782156,9.877662973385421,9.998294244936867,9.385167842142122,9.355359906749305,2.5148039855717736,11.164272152034574,10.185185166820329,10.015484746115881,10.579900440679115,12.819672174657722,7.9871900987091005,6.949488243101609,4.6466062292086106
TCGA-F7-A624,TCGA-F7-A624-01,Buccal Mucosa,C06.0,12.42726107,0,73.0,1,0.0,STAGE II,6.604794862578418,10.297879211185755,10.898729856360067,10.081802965982812,8.234185140728574,6.154068725454776,9.531282028107338,8.837265242930389,10.115589923567478,7.929252489875946,7.782683762114692,0.0,6.901965011217678,5.494965956937513
TCGA-H7-7774,TCGA-H7-7774-01,Oral Cavity,C14.8,13.38067528,0,75.0,0,1.0,STAGE IVA,11.25427278692363,9.734360757417457,12.957434011907308,9.35428244562383,8.666905681601554,6.303862924668098,7.343860814270687,9.459325051999665,11.750665119829875,10.987278225746765,9.644023893325649,3.5148544709370575,7.660787463363818,6.7369971527750545
TCGA-H7-8501,TCGA-H7-8501-01,Buccal Mucosa,C06.0,15.15599829,0,54.0,1,1.0,STAGE IVA,9.938678350563633,10.595723694101627,9.906904120811127,11.796631819874543,8.514070959927313,7.1693037073170665,9.481924527070834,8.77063416334801,10.564873514506717,10.544336617641111,11.968324796502671,6.2937236099049345,6.528324389359874,7.352776177328895
TCGA-H7-8502,TCGA-H7-8502-01,Oral Cavity,C06.2,15.05736923,0,50.0,1,1.0,STAGE IVA,12.547171689148215,10.061668207389335,10.842696045900999,9.925582625928064,9.784656109613435,4.68276991294624,9.766947908420258,9.729792361377068,10.426600226169924,10.542557935082142,12.385935180506154,7.822194773074512,6.6029215145951685,6.485549193435036
TCGA-H7-A6C4,TCGA-H7-A6C4-01,Oral Tongue,C02.9,13.61080975,0,35.0,0,1.0,STAGE IVA,14.319298134502178,9.681795349730272,12.057514580073484,11.136452883881185,8.461446704899497,5.750215230615163,10.062329520512229,9.315006871075104,10.62354317584635,11.181636801727743,13.42832091160111,10.284211041432032,6.729865420195757,6.8298749234586
TCGA-HD-7831,TCGA-HD-7831-01,Oral Tongue,C02.9,21.92852681,0,74.0,1,1.0,STAGE IVA,11.593825266649748,9.553986323956526,11.0238444323101,12.61314024375063,9.745697850578589,6.1234303074555685,9.81946861135404,9.176050945043453,10.519361053156135,10.967961111083184,15.944286545993304,9.74083819840146,6.899381093527603,5.876396614641295
TCGA-HD-7832,TCGA-HD-7832-01,Floor of mouth,C04.9,27.48463031,0,52.0,1,1.0,STAGE IVA,12.233652628305004,9.538959069339013,10.689997971419446,10.888301850619913,8.824872844330697,5.009754731578816,9.131352829350762,8.701455489424625,10.808159772868375,11.260402093025792,11.426615949481137,6.548422752561648,6.849824164491565,4.529664802252241
TCGA-HD-7917,TCGA-HD-7917-01,Floor of mouth,C04.9,27.48463031,1,62.0,1,0.0,STAGE II,10.924626959905327,9.420682397626965,11.611070918534347,8.809964225460673,9.315020461319468,3.936383531161194,9.002207437143289,10.411182583924523,10.514832383807128,10.478698847836037,11.829512657052074,7.937273762400426,7.382191693625654,6.067754864293466
TCGA-HD-8634,TCGA-HD-8634-01,Oral Tongue,C02.9,12.65739554,1,51.0,0,0.0,STAGE I,12.386576562762466,9.473129368124008,11.983556572082056,10.993164845573334,8.911242167495343,3.927706862422826,9.635592978564517,9.014006517684207,10.568687691708627,11.005273656563938,11.546378430547428,2.520874787752518,7.2144356975081045,5.7633451749743845
TCGA-HD-8635,TCGA-HD-8635-01,Oral Tongue,C02.9,22.84906467,0,61.0,0,1.0,STAGE III,11.700777810172688,8.945938306320278,10.666472568842073,11.784315847103475,9.451062712710323,6.043241689067001,10.662766272538036,9.892061585078425,9.556425583381582,10.837351981500698,12.614638535678413,9.606906691093801,7.317367387506119,6.51678106012588
TCGA-HD-A4C1,TCGA-HD-A4C1-01,Buccal Mucosa,C06.0,0.361639872,0,41.0,0,1.0,STAGE IVA,11.509270269631665,10.311839119073523,12.110395218555828,9.23116836894441,9.047404787585847,5.273903739022156,9.726695004499616,9.685057110313549,11.319209210251742,10.705537356414554,11.72130429664406,5.708087888641701,6.546476249164244,6.2045946184182155
TCGA-HD-A633,TCGA-HD-A633-01,Oral Cavity,C06.9,13.84094421,0,74.0,1,1.0,STAGE IVA,12.546691928320191,10.032583020436268,11.81230969359003,13.229376124311356,8.951471233177402,3.78351951551974,8.185534568355997,9.84186622072137,10.062504920063837,11.060216304460901,11.826965505701933,7.991051263684243,7.283958801992579,4.361417466789213
TCGA-HD-A6HZ,TCGA-HD-A6HZ-01,Oral Tongue,C02.9,3.649275076,0,79.0,0,1.0,STAGE III,11.67085980522335,9.960268429428043,11.900410234434451,12.947611370977723,9.040528095383852,7.42104652879348,9.585033882303598,10.214610544908592,11.522875728660782,10.04656472533949,13.190128690908166,12.121582081212084,6.972968301880954,7.066648933664816
TCGA-HD-A6I0,TCGA-HD-A6I0-01,Oral Cavity,C06.9,6.904033928,0,56.0,1,1.0,STAGE IVA,7.692127256414044,9.6207330183521,11.565530538010314,11.362694525249616,6.674446527362039,3.1563318912767238,10.33868067898732,8.177309898966977,10.052146863657393,10.456939589065586,11.167436963470417,2.175684270730997,5.883804073833189,5.491064207391361
TCGA-HL-7533,TCGA-HL-7533-01,Oral Cavity,C14.8,34.75030411,0,65.0,1,,,10.906409617094015,10.125180967320194,11.50693233262539,11.795650077271048,9.500264287675261,4.95864782867222,9.331837310619335,9.792791920788355,11.075993828376754,10.808948091272853,11.34692365738433,5.650982784695613,6.048922749985195,3.783236618729945
TCGA-IQ-7631,TCGA-IQ-7631-01,Buccal Mucosa,C06.0,38.53108459,0,60.0,0,0.0,STAGE II,10.744447049222105,8.694883674201943,12.140561396868023,14.934197648087167,8.139331350211114,4.463223542036099,7.851592897139604,8.505486067430459,10.888065875458828,10.776720884720582,14.052050041165892,3.6596163548659866,6.572989683727547,9.501295823963243
TCGA-IQ-7632,TCGA-IQ-7632-01,Alveolar Ridge,C14.8,14.49847125,0,68.0,0,1.0,STAGE IVA,15.144933023303935,9.50181131565584,12.141462168946719,9.800044056793041,9.414198970923687,5.317694793598185,8.936776313319259,9.729204358046918,11.04039247342353,10.837304670199739,10.532628657517167,5.009696515867482,7.152710742118613,6.7299333785661615
TCGA-IQ-A61E,TCGA-IQ-A61E-01,Oral Tongue,C02.9,37.70917579,0,55.0,0,1.0,STAGE III,11.20989195623065,9.174713505863648,11.033099460170904,11.875737834383338,9.261533165826476,4.978053733280326,10.431058774369475,10.038438925337775,9.94653349353741,10.893862722607553,11.936015826670477,8.574597311450788,6.627139870965551,6.793869878438514
TCGA-IQ-A61G,TCGA-IQ-A61G-01,Floor of mouth,C04.9,11.83548673,0,57.0,1,1.0,STAGE IVA,10.545505100691072,10.161824714215005,11.194110451188472,11.503517691706804,9.500023224054623,2.6932304555800988,9.076852999770747,9.495477319051055,10.121093130281224,9.37690026335737,9.503650855270415,7.081211783734693,7.488707801007929,4.0436507213244814
TCGA-IQ-A61H,TCGA-IQ-A61H-01,Oral Tongue,C02.9,37.41328862,0,76.0,1,0.0,STAGE II,10.766421240772337,10.14021627133108,11.245303124570823,10.518240055010505,9.876415647399456,4.6767638699388305,8.787504294481328,9.739220296590121,10.870634429020708,9.268951300373237,12.319240263787416,10.010835773425766,7.782572379100628,6.690975738343275
TCGA-IQ-A61J,TCGA-IQ-A61J-01,Oral Tongue,C02.9,33.56675543,0,54.0,1,1.0,STAGE IVA,11.444259147709342,9.340766980476404,11.952919571324108,10.889169298441981,9.197098716630602,6.363362091877969,9.885005361309542,9.537497980561175,9.968551603363945,11.15839509819037,13.862511445542335,9.41881609891988,7.081861538420126,6.154621686672219
TCGA-IQ-A6SG,TCGA-IQ-A6SG-01,Oral Tongue,C02.9,19.03540783,0,61.0,0,1.0,STAGE III,11.54196777880771,9.933726058077127,12.612541412489469,11.07378676777584,9.548078218431662,3.8512293277849445,8.483884283502794,9.255288278772795,10.292839253464491,9.47256494058627,11.24240005333569,10.772867130001083,7.973065914542534,4.109377276515266
TCGA-IQ-A6SH,TCGA-IQ-A6SH-01,Oral Tongue,C02.9,15.48476181,0,55.0,1,1.0,STAGE III,10.112934655871518,9.903506816760908,10.91194618788986,11.413199499220001,8.530578006619404,4.098562728643807,8.77748547040023,9.215581533665725,11.254077872432772,10.572605496191393,12.261480864447739,8.372486384572124,6.5443864664896845,6.19598926589764
TCGA-KU-A66T,TCGA-KU-A66T-01,Floor of mouth,C04.9,18.14774633,0,53.0,0,1.0,STAGE IVA,13.751554519427053,9.73264230882794,11.358568790216195,8.384567923173826,8.93314474680857,2.805870243478459,10.11331241850825,10.305012904327855,13.903109842550466,10.269968200633338,11.922413439539755,11.579942855074929,7.548259359607737,4.47083617536765
TCGA-KU-A6H8,TCGA-KU-A6H8-01,Oral Tongue,C02.9,10.75056712,1,41.0,1,1.0,STAGE IVA,9.414549943774936,9.635184832159819,12.085100616869632,8.01807218090411,8.64496303352163,5.103522817407561,9.034474354059736,9.503676691553045,10.782981833174343,9.439693774697913,13.070853848670847,5.103522817407561,6.747387399652718,7.444609095519194
TCGA-MT-A51X,TCGA-MT-A51X-01,Oral Tongue,C02.9,7.956077194,0,30.0,1,1.0,STAGE IVA,10.835553060456013,9.624886820607482,11.645595391922258,11.272868853674444,9.139827586704182,4.035060796905114,10.198309974317633,9.833995340449142,9.125790562604074,10.639774808615154,13.25171909260596,6.567597162758708,7.098663781886574,5.920964940415119
TCGA-MT-A67A,TCGA-MT-A67A-01,Oral Tongue,C02.9,30.04898577,0,85.0,0,0.0,STAGE I,8.476491052149727,9.805818019935414,11.833218221588815,9.55799013657571,7.845878898939109,2.818543832917051,9.432984453847594,8.464218988340326,11.202246288500191,10.459083198503981,10.834810746498842,8.757846665499065,6.567493730674929,5.4050529410788535
TCGA-MT-A67D,TCGA-MT-A67D-01,Floor of mouth,C04.0,1.841075714,0,55.0,1,0.0,STAGE II,10.631804573421693,9.967226258835993,11.717046605768445,12.867392652513502,7.732323475946251,5.876890157260192,9.040476039977422,8.959091994079886,11.007230547791353,10.221804596587312,13.35053868419128,10.336138307584658,7.020013189900665,7.030501616805007
TCGA-MT-A67F,TCGA-MT-A67F-01,Oral Cavity,C06.9,12.62451918,0,60.0,0,1.0,STAGE IVA,9.766759125144283,10.044312145720493,11.797365661984701,12.057629650195697,8.507517172164205,6.778313725265952,10.449571691331503,8.872868765455308,11.955500981169564,11.27057566102326,11.785848848315508,5.432137638602029,7.193712615339093,6.680239953339157
TCGA-MT-A7BN,TCGA-MT-A7BN-01,Floor of mouth,C04.9,15.41900911,0,74.0,1,1.0,STAGE IVA,9.370929288567755,9.378173451972525,13.336701806947467,11.9721433547275,7.173257382142505,4.230956142170271,8.603047667438004,8.865906445714547,9.552669097514272,10.055729818536065,14.48654595091528,8.311371417033785,6.299717222763308,6.25843600882054
TCGA-P3-A5QA,TCGA-P3-A5QA-01,Oral Tongue,C02.9,71.73620015,0,41.0,1,0.0,STAGE I,10.689019541377949,9.609527824410105,11.018464486382479,12.484981451123845,9.035315984637355,3.8439235630518813,10.56981764217242,8.621194735882074,9.798854092983932,11.342480299482688,13.928425844389059,9.973238156071021,6.673641219404149,5.70628188585102
TCGA-P3-A5QF,TCGA-P3-A5QF-01,Alveolar Ridge,C03.0,10.84919617,1,49.0,1,1.0,STAGE IVA,9.265493156457955,10.995456252631934,11.693060009928463,8.308721270928148,8.824048617170158,3.764197512290086,6.830610274357907,9.71452200771951,11.245855711695208,8.97870188012124,10.6796208433757,5.37710292085054,6.732825436282443,4.517993712034835
TCGA-P3-A6T0,TCGA-P3-A6T0-01,Floor of mouth,C04.9,19.00253148,0,47.0,0,1.0,STAGE IVA,11.810194042643579,10.024460976062873,10.901221401779436,11.711030223447988,9.547291724943786,2.894972935605746,10.10631429130192,9.563749215230937,10.042671694078749,10.30335837847193,12.773475109457769,7.177818155119876,7.2060473172601744,7.797058385688481
TCGA-P3-A6T2,TCGA-P3-A6T2-01,Buccal Mucosa,C06.0,75.54985699,0,45.0,1,1.0,STAGE IVA,10.99597202446051,9.717940264777921,10.781654780061338,11.477783558912238,8.709300976103739,2.9795863908830853,10.560991928389948,9.243773791360322,10.958726698311558,11.230662958590532,10.949644356585717,5.809959725178355,6.479747934366225,6.593444907701355
TCGA-P3-A6T3,TCGA-P3-A6T3-01,Oral Cavity,C06.9,18.96965513,1,49.0,1,1.0,STAGE IVA,11.577225816741235,9.876556850344059,11.208051418376204,12.190043787402038,9.308047731071582,2.8645328451481205,11.771307883182573,9.375352271049099,9.421747170064124,10.167694113269603,12.064655203570588,6.797518870302585,7.345582661793604,4.351925091249755
TCGA-P3-A6T4,TCGA-P3-A6T4-01,Floor of mouth,C04.9,2.038333827,1,54.0,1,1.0,STAGE IVA,11.694357887221452,9.841408669784805,11.914590682867201,10.75854803443139,10.134952474234936,4.189911513220871,8.803859885229176,10.476746203939467,10.776712661166828,10.64632469197999,11.597289065987958,8.021074356664185,7.9527063076302245,7.481710647700624
TCGA-P3-A6T5,TCGA-P3-A6T5-01,Alveolar Ridge,C03.1,28.9969425,1,79.0,0,1.0,STAGE IVA,9.42233182931014,9.40271578251127,11.560834346303283,12.7232172325281,9.258394077947889,4.106381823413391,10.981317535626472,10.11127914994831,9.42234023994453,9.942801842808628,13.118358752519834,10.756989899805482,6.031966355851282,4.871681040519456
TCGA-P3-A6T6,TCGA-P3-A6T6-01,Alveolar Ridge,C03.1,12.98615906,1,53.0,1,1.0,STAGE IVA,9.39335613269268,9.99323562247062,11.986691795402415,7.243888012213529,8.057114470747026,2.7436011351074243,6.7389029142817645,8.455269675764997,10.376472723242976,9.763962572368738,9.579826919439002,10.126317293422996,6.875177995555855,5.202123823830461
TCGA-P3-A6T7,TCGA-P3-A6T7-01,Floor of mouth,C04.9,16.01078344,1,55.0,1,1.0,STAGE IVA,10.312043407333784,9.678996187703206,12.380915556071027,12.829683100062473,8.890218669502307,3.773817031692162,9.017896860990936,9.297060698510712,10.343796427024982,10.266517181249524,12.64421456480889,9.572150704166015,6.705660031552434,6.144262594467815
TCGA-P3-A6T8,TCGA-P3-A6T8-01,Floor of mouth,C04.9,13.15054082,0,54.0,1,1.0,STAGE IVA,13.070855525370249,10.045268215138533,10.161144482885973,12.997202419888733,10.001942948069507,3.9079001288417174,9.908805403688735,9.415033977069854,10.52787769903364,10.91207347405083,14.494224329814243,9.374615686090662,6.401292551329948,8.402287297537118
TCGA-QK-A64Z,TCGA-QK-A64Z-01,Hard Palate,C04.9,21.07374166,1,79.0,0,1.0,STAGE IVA,11.424171538790501,9.324783606628955,11.378722940058182,9.71387449123588,10.181885223159604,3.2893180708639025,9.102652882900173,9.088279430091838,10.261648339705692,11.519896661346447,12.697378114433057,11.34481740339671,6.485442928587543,4.041190404923948
TCGA-QK-A652,TCGA-QK-A652-01,Oral Tongue,C02.9,21.20524707,0,60.0,1,1.0,STAGE III,10.12840682894329,9.728617815435019,11.891859632538129,11.35366513197705,8.959460095446511,5.2193621578077165,10.290468178762321,9.899633350043748,10.342308058949214,10.622326418012081,13.578761855156058,8.759125866134507,6.869575337146153,5.915580653285293
TCGA-QK-A6IG,TCGA-QK-A6IG-01,Buccal Mucosa,C06.0,7.298550153,1,69.0,1,1.0,STAGE III,9.044904983391934,9.469719138738046,11.064116248532164,10.333166533949756,7.6106114853095095,3.807602220011109,10.095120062060936,8.704166486712547,9.6278785580409,10.071542807992602,12.286465352240715,10.977122477950154,5.851439234673589,5.300713131821628
TCGA-QK-A6IH,TCGA-QK-A6IH-01,Alveolar Ridge,C03.9,21.46825788,0,65.0,0,1.0,STAGE IVB,10.234086919250217,8.541758747548235,11.778779409751488,12.77122327266064,8.532352028740599,2.6888293693896372,10.021188205156898,9.013291962609076,8.835453580962296,10.69977197037414,12.410960074158929,8.829706881207292,6.630274406749924,3.839677468698074
TCGA-QK-A6II,TCGA-QK-A6II-01,Floor of mouth,C04.9,9.336883979,1,52.0,1,1.0,STAGE IVA,9.269351132877823,9.656097672284483,12.002857199055862,10.184602642816401,7.570311124318805,3.048148979496875,8.533430970510913,8.710055623760699,9.48698782855475,9.669042715027608,9.385124690831129,7.238958780690644,7.006544885875286,3.9582023662392785
TCGA-QK-A6IJ,TCGA-QK-A6IJ-01,Floor of mouth,C04.9,12.72314824,0,71.0,1,1.0,STAGE III,8.800877256546901,9.289613175961508,12.190374111127948,12.465783200892979,7.569848015179172,2.3871695067969965,10.11786383891811,9.217955275200381,9.596040632671137,10.129514860018219,11.256621502121318,7.247139510854913,6.1022591937057165,5.032753259398348
TCGA-QK-A6VB,TCGA-QK-A6VB-01,Floor of mouth,C04.9,21.07374166,0,66.0,1,1.0,STAGE IVA,10.444290211598805,9.837109100360951,11.635441524372718,10.823820996591197,8.813075701174315,4.490717729594685,8.444642222274554,9.859176009208351,10.807427377020346,8.995863233146185,11.625667753063599,9.409484283973244,7.562021041330492,5.719509297205633
TCGA-QK-A8Z7,TCGA-QK-A8Z7-01,Floor of mouth,C04.9,12.88753,0,59.0,1,1.0,STAGE IVA,14.122601545079393,10.082015945266237,11.956586701302871,12.124638314178705,10.008680721506572,4.036802215826557,7.765985518133833,9.28369262999516,10.581398326830861,7.38391161099632,11.741694496300687,10.024003789090758,8.051100156791588,7.364765012226484
TCGA-QK-A8Z9,TCGA-QK-A8Z9-01,Floor of mouth,C04.9,14.76148207,1,56.0,1,1.0,STAGE IVA,13.812377888766893,9.737968932642172,11.319830154001464,10.595975386304264,9.213823564676254,5.931446685298666,10.836784143463618,10.516419035616442,10.119667426914866,10.910987437191404,14.46561741858359,9.86258311988361,6.160583428632321,5.539866023696579
TCGA-QK-AA3K,TCGA-QK-AA3K-01,Oral Tongue,C02.9,8.317717066,0,60.0,1,1.0,STAGE IVA,9.425555814666488,9.911228682900838,11.164014391517428,13.32831028102483,8.328203674695278,5.181333172651578,9.98038238706364,7.937685720537303,10.75949708830795,10.069302066563955,13.790379044742462,9.957019309192845,6.910085030423805,7.87401000554047
TCGA-RS-A6TO,TCGA-RS-A6TO-01,Oral Cavity,C06.9,12.72314824,1,82.0,0,1.0,STAGE IVA,9.76187031863884,9.9901039638575,12.173489761143616,13.395239568542797,8.430452551665532,4.446256229889564,9.81410175449819,9.24269776790801,10.444807844642602,10.766363262460455,13.37517522079979,10.752380646552893,7.777419715515831,5.661065479806948
TCGA-T2-A6WX,TCGA-T2-A6WX-01,Oral Tongue,C04.9,6.871157576,1,73.0,0,,,9.520214001369993,10.379324210835557,11.033319751537462,10.559769022020683,8.033924003272036,6.104808394287067,10.335591335359188,9.136883482503023,10.670895203353476,10.803590312667623,9.582002693222012,3.4852851269486904,6.313452661957032,4.78225652873279
TCGA-T2-A6WZ,TCGA-T2-A6WZ-01,Oral Tongue,C01.9,15.91215439,1,53.0,1,,,9.220970763096147,8.698128168023365,11.000809879716677,10.487327565049982,7.511048921289131,2.948395267491197,9.904554846027837,9.808734161722798,8.831772758527668,10.039618225204944,12.12540378359958,10.33305469365691,7.068874991729628,4.965100862443563
TCGA-T2-A6X2,TCGA-T2-A6X2-01,Alveolar Ridge,C03.9,32.44895946,0,82.0,1,1.0,STAGE III,12.013584386812267,9.63033994060448,11.423315540950655,9.2877654697501,8.462326398272294,5.402036542827792,9.604088007699866,9.12703220354101,10.717770657788275,11.978889176361573,12.53343194392071,7.095513066721015,6.600871841216458,5.455221994264798
TCGA-T3-A92N,TCGA-T3-A92N-01,Floor of mouth,C04.9,3.123253444,1,79.0,1,1.0,STAGE IVA,11.630094173299002,9.643304253357014,11.078904655796233,8.591174487037563,8.901316448283321,4.508606126066859,8.028326030526175,9.63246817197273,10.813099757652138,10.799508289804033,11.121099607535513,9.984375732747711,5.84757605912479,3.6970509567880807
TCGA-UF-A719,TCGA-UF-A719-01,Floor of mouth,C04.9,54.67337344,0,54.0,1,0.0,STAGE II,10.48358404087473,11.138303802812851,12.594443579366718,9.922541292171374,9.251596022819237,3.9621973289268366,9.020521647291496,10.036901646323912,11.190540787847912,9.063182032084994,10.280631596693748,4.72470483556652,8.518346292193392,4.743094829930868
TCGA-UF-A71A,TCGA-UF-A71A-01,Floor of mouth,C04.9,2.827366275,1,67.0,1,1.0,STAGE IVA,10.438802246597309,9.964713407597205,12.817377431646031,12.283808941626265,10.130531953144075,4.014257086383059,7.693368470432422,9.797702050426196,11.103825440011233,9.423571868420963,12.062734256536677,10.105646652677729,9.302483565838154,5.848570364033825
TCGA-UF-A71B,TCGA-UF-A71B-01,Alveolar Ridge,C03.9,49.51178617,0,50.0,1,1.0,STAGE IVA,10.673786066707786,10.121339245502645,11.02895585225408,12.128645256317624,8.725778641007178,5.247931310004487,9.30571749837205,10.042548584977295,10.340484382042415,9.20216791230914,13.250634474590782,8.56160108389449,7.335604733074757,5.311350525832502
TCGA-UF-A71E,TCGA-UF-A71E-01,Floor of mouth,C04.9,49.44603347,1,63.0,1,1.0,STAGE IVA,10.757340001739434,10.445211469526203,11.801421407838019,10.06696369380824,9.576769645306147,3.1796543572306426,8.388361768403335,10.193734788644674,10.66567345412238,9.703059159491357,12.530713572088985,6.842325198183071,7.963156187393051,3.43991563593063
TCGA-UF-A7JA,TCGA-UF-A7JA-01,Buccal Mucosa,C06.0,74.46493737,0,66.0,0,1.0,STAGE IVA,11.723468970440882,9.562877757122465,11.873570996424746,12.309192106959902,10.060250086245812,3.9068905956085187,9.665927443005739,10.602698865017965,10.018200178813226,10.381186018456082,13.591791132175093,11.006795912405142,7.839203788096944,8.603626344986193
TCGA-UF-A7JC,TCGA-UF-A7JC-01,Floor of mouth,C04.9,17.95048821,1,42.0,1,1.0,STAGE IVA,11.993819399423838,9.154732050991768,12.227694152451662,13.38793653522855,8.766946252534,3.872769671838574,10.307792796129895,9.506392880588567,10.270528942380718,10.751895484913197,12.261436788779992,6.811869155312753,7.508072054879079,5.089413403575537
TCGA-UF-A7JD,TCGA-UF-A7JD-01,Buccal Mucosa,C06.0,24.29562416,1,71.0,1,1.0,STAGE IVA,12.31647387826219,9.415707971231479,11.342585856098129,11.634343686461836,9.458215881881868,5.436458371704047,9.208990264185099,9.570424980846747,10.576380416102186,10.89481018610821,14.883139654440859,9.908216964586572,7.899556318300708,7.751155717674816
TCGA-UF-A7JO,TCGA-UF-A7JO-01,Floor of mouth,C04.9,20.74497814,1,79.0,0,1.0,STAGE IVA,9.055041062192823,10.093457180183835,13.598040865477259,12.963076692298594,8.395324195742477,5.812924296533953,9.46610501923389,9.287220625279826,12.433027240734647,10.169110751066581,11.89062148604564,11.63914170250792,6.2968850131357685,4.8976567137425375
TCGA-UF-A7JS,TCGA-UF-A7JS-01,Oral Tongue,C02.9,22.35591939,1,59.0,1,1.0,STAGE IVA,7.9520830767361215,9.07844705696364,11.245849771023723,12.51127579390025,5.204547669698236,3.6957822913870424,9.489000956207537,8.826278353899939,9.042091621567087,9.954241393902477,11.469936837539496,10.481799431665753,5.5186295531074645,4.8777736924045065
TCGA-UF-A7JT,TCGA-UF-A7JT-01,Floor of mouth,C04.9,32.64621758,1,72.0,0,1.0,STAGE IVA,9.629183559158596,10.086335295244615,10.82218839836734,11.682050907008652,8.57724753559315,5.6289135426617865,10.75149384841115,8.445507389355356,10.296583591781594,10.015693807105146,12.131165664365316,8.746752791179093,6.588536254986181,5.653937065013503
TCGA-UP-A6WW,TCGA-UP-A6WW-01,Oral Tongue,C02.9,17.02995036,0,58.0,1,,,9.482870462075992,11.003229765962137,12.803483357500538,12.203311292715231,7.603233166287601,5.191898177241776,7.897028604964973,9.685775495822794,11.386692412343718,9.289917439883448,12.108223863998482,13.114482529119373,6.745627269698222,5.994118060350366
TCGA-WA-A7GZ,TCGA-WA-A7GZ-01,Floor of mouth,C04.9,20.54772003,1,58.0,1,,,12.50304058700052,9.768637577470546,11.758610491375814,14.182588334424935,9.228106785324657,4.048829047759046,10.080337881665784,9.230183795753334,9.913312803842862,10.778849208404226,12.896067456569169,8.918675436234436,6.442298284499456,6.192553215919545
TCGA-WA-A7H4,TCGA-WA-A7H4-01,Oral Tongue,C02.9,14.56422395,0,69.0,1,0.0,STAGE II,11.208441662259096,9.530956387740472,11.224984446793389,12.57732968655389,9.235447051045549,6.042289748028123,10.040454121349624,9.669418363797739,10.37670061572222,10.583693949482372,13.509935789567393,11.639024095063695,7.013518090577681,6.7274848582311195
